,moviename,BoxOffice,ProductionBudget,Genre,ReleaseDate,deathcount,deathcomment
4,13 going on 30,57139723.0,30000000.0,comedy,2004-04-23,0,0
5,16 blocks,36883539.0,45000000.0,action,2006-03-03,2,2
8,2 guns,75612460.0,61000000.0,action,2013-08-02,30,"25, 3 chickens and 2 deer"
10,2001: a space odyssey,56700000.0,10500000.0,adventure,1968-04-02,8,"4 astronauts, 2 man-apes, 1 tapir and 1 sentient artificial intelligence "
11,2012,166112167.0,200000000.0,action,2009-11-13,5773515433,The population of Earth in 2012 except for Africa and three arks worth of people and animals that survived.
12,21 grams,16248701.0,20000000.0,drama,2003-11-21,4,4
13,22 jump street,191719337.0,50000000.0,comedy,2014-06-13,4,4
14,25th hour,13084595.0,4500000.0,drama,2002-12-19,0,0
15,28 days,37035515.0,43000000.0,comedy,2000-04-14,1,1
16,28 days later,45064915.0,8000000.0,horror,2003-06-27,33,32 and a monkey
18,28 weeks later,28637507.0,15000000.0,horror,2007-05-11,10211,"10,211"
19,30 days of night,39568996.0,30000000.0,horror,2007-10-19,165,"146 people, 12 vampires and 7 dogs"
20,300,210592590.0,60000000.0,action,2007-03-09,3977,"3,971 people, 1 battle rhinocerous, 3 elephants, 1 giant wolf and a big orc-looking dude"
21,3000 miles to graceland,15738632.0,62000000.0,drama,2001-02-23,48,47 and a coyote
27,a beautiful mind,170708996.0,78000000.0,drama,2001-12-21,0,0
28,a christmas story,20605209.0,3250000.0,comedy,1983-11-18,0,0
33,a knightï¿½ï¿½s tale,56083966.0,41000000.0,adventure,2001-05-11,1,1
34,a million ways to die in the west,42720965.0,40000000.0,comedy,2014-05-30,16,16
35,a nightmare on elm street,63075011.0,35000000.0,horror,2010-04-30,4,4
36,a nightmare on elm street,25504513.0,1800000.0,horror,1984-11-09,4,4
37,a nightmare on elm street part 2: freddys revenge,21163999.0,3000000.0,horror,1985-11-01,11,"4, plus 2 birds, 1 rat and 4 fish"
38,a nightmare on elm street 3: dream warriors,44793222.0,5000000.0,horror,1987-02-27,6,6
39,a nightmare on elm street 4: the dream master,49369899.0,13000000.0,horror,1988-08-19,7,6 and a bug
40,a nightmare on elm street: the dream child,22168359.0,6000000.0,horror,1989-08-11,4,3 and a doll
43,ace ventura: pet detective,71602138.0,12000000.0,comedy,1994-02-04,2,1 and a bug
44,across the universe,24343673.0,45000000.0,musical,2007-09-14,10,"9 and Martin Luther King, Jr."
46,adaptation,22498520.0,18500000.0,comedy,2002-12-06,9,6 and 3 dinosaurs
47,admission,18007317.0,13000000.0,romantic comedy,2013-03-22,0,0
51,after earth,60522097.0,130000000.0,action,2013-05-31,51,"21, 20 monkeys, 7 giant bird babies, 1 cave rat (eaten by a flying snake!), 1 giant bird and 1 URSA"
54,artificial intelligence: ai,78616689.0,90000000.0,drama,2001-06-29,7,6 Robots and 1 human recreated by robots
55,airplane!,83453539.0,3500000.0,comedy,1980-07-04,10,10
57,aladdin,208577270.0,28000000.0,comedy,1992-11-11,1,1
58,albino alligator,326308.0,5000000.0,drama,1997-01-17,8,8
59,alice in wonderland,334191110.0,200000000.0,adventure,2010-03-05,4,"1, a frog, a jub-jub bird and a jabberwocky"
61,alien,80930630.0,9000000.0,horror,1979-05-25,8,"5, an android, an alien and a face hugger"
63,avp: alien vs predator,80281096.0,70000000.0,horror,2004-08-13,2350,"26 humans, 6 predators, 85 face huggers, 2,233 aliens and 1 baby alien"
65,alien: resurrection,47748610.0,60000000.0,action,1997-11-26,52,"28 people, 22 face huggers, 12 aliens, 7 clones, 1 spider, 1 alien queen and 1 alien-human hybrid"
66,aliens,85160248.0,17000000.0,action,1986-07-18,485,"169 humans, 156 aliens, 159 face huggers and one alien queen"
67,aliens vs predator - requiem,41797066.0,40000000.0,action,2007-12-25,142,"84 people, 4 unborn children, 24 aliens, 4 predators, 5 face huggers, 1 pralien and 20 baby praliens "
69,all good things,582024.0,20000000.0,drama,2010-12-03,4,"2 people, a fetus and a dog"
74,amadeus,51564280.0,18000000.0,drama,1984-09-19,3,3
77,the amazing spider-man,262030663.0,220000000.0,adventure,2012-07-03,4,"2 people, a mouse and a genetically enhanced spider"
79,american beauty,130058047.0,15000000.0,drama,1999-09-15,1,1
81,american dreamz,7156725.0,17000000.0,black comedy,2006-04-21,2,2
83,american history x,6712241.0,10000000.0,drama,1998-10-30,3,3
84,american hustle,150117807.0,40000000.0,black comedy,2013-12-13,1,1
98,anchorman: the legend of ron burgundy,84136909.0,25000000.0,comedy,2004-07-09,2,1 and a squirrel
101,angels & demons,133375846.0,150000000.0,thriller/suspense,2009-05-15,15,15
105,annabelle,84273813.0,6500000.0,horror,2014-10-03,5,5
106,another happy day,9120.0,4000000.0,drama,2011-11-18,1,1
108,antitrust,10965209.0,30000000.0,thriller/suspense,2001-01-12,2,2
109,apocalypto,50866635.0,40000000.0,adventure,2006-12-08,66,"59 people, 1 tapir, 3 ants, 1 jaguar, 1 monkey and 1 snake"
110,apollo 13,172036360.0,65000000.0,drama,1995-06-30,3,3
111,apollo 18,17686929.0,5000000.0,thriller/suspense,2011-09-02,4,3 astronauts and a spider moon rock
112,appaloosa,20211394.0,20000000.0,western,2008-09-19,13,11 and 2 horses
114,aqua teen hunger force colon movie film for theaters,5520368.0,750000.0,comedy,2007-04-13,17,"2 people, 2 cats, 9 chocolate unicorns, 1 fly, 1 Insanoflex, 1 caterpillar and Chicken Bittle"
116,argo,136025503.0,44500000.0,thriller/suspense,2012-10-12,1,1
117,armageddon,201573391.0,140000000.0,adventure,1998-07-01,434119870,"2,405,324 people and 431,714,546 dinosaurs"
118,armored,15988876.0,20000000.0,thriller/suspense,2009-12-04,6,6
119,army of darkness,11502976.0,11000000.0,horror,1993-02-19,77,77
123,assault on precinct 13,20040895.0,30000000.0,action,2005-01-19,22,22
127,august: osage county,37738810.0,25000000.0,black comedy,2013-12-25,1,1
128,austin powers in goldmember,213117789.0,63000000.0,comedy,2002-07-25,4,3 and a fembot
129,austin powers: international man of mystery,53868030.0,18000000.0,comedy,1997-05-02,25,18 and 7 fembots
130,austin powers: the spy who shagged me,205957794.0,35000000.0,comedy,1999-06-10,6,5 and a fembot
131,australia,49554002.0,130000000.0,drama,2008-11-26,313,"298, 10 cows, 1 horse, 2 flies, 1 kangaroo and a dog"
132,avatar,760507625.0,425000000.0,action,2009-12-18,181,"69 humans, 74 Nav'i, 4 hairless tar dogs, 1 blue deer-thing, 2 avatars, 17 6-legged blue horses, 13 banshees and 1 giant panther dragon."
133,awake,14373825.0,8600000.0,thriller/suspense,2007-11-30,2,2
138,bad boys,65637842.0,23000000.0,action,1995-04-07,21,21
143,bad santa,60060328.0,18000000.0,black comedy,2003-11-26,1,1
145,bad words,7779614.0,10000000.0,comedy,2014-03-14,0,0
148,bangkok dangerous,15298133.0,45000000.0,action,2008-09-05,44,43 and a scorpion
153,basic,26599248.0,50000000.0,thriller/suspense,2003-03-28,3,3
154,batman,248972777.0,35000000.0,action,1989-06-23,54,54
155,batman & robin,107308328.0,125000000.0,action,1997-06-20,13,13
156,batman begins,205343774.0,150000000.0,action,2005-06-15,6,6
157,batman forever,183997904.0,100000000.0,action,1995-06-16,15,15
158,batman returns,162833635.0,80000000.0,action,1992-06-18,6,5 and a cat
160,bats,10155691.0,6500000.0,horror,1999-10-22,10264,"28 people and 10,236 bats"
163,bee movie,126631277.0,150000000.0,comedy,2007-11-02,1,1 bug
164,beerfest,19185184.0,17500000.0,comedy,2006-08-25,17,"4, a trophy, a deer, and a batch of monkey-frogs"
166,behind enemy lines,58855732.0,40000000.0,action,2001-11-30,43,43
167,being john malkovich,22858926.0,13000000.0,black comedy,1999-10-29,0,0
171,bernie,9204489.0,6000000.0,black comedy,2012-04-27,1,1
175,big fish,66432867.0,70000000.0,drama,2003-12-10,1,1
178,big trouble,7262288.0,45000000.0,comedy,2002-04-05,2,1 person and 2 television sets
179,big trouble in little china,10911690.0,25000000.0,action,1986-07-01,36,"35 and a thing they called a guardian but which I think looks like a beholder. Not a behemoth, which is what I said the first time. Wrong b word."
186,black christmas,16235738.0,9000000.0,horror,2006-12-25,7,7
189,black snake moan,9396870.0,15000000.0,drama,2007-03-02,0,no one died but Samuel L. Jackson graced us with 5 motherfuckers and 1 motherfucking
193,blade,70001065.0,45000000.0,action,1998-08-21,69,"22 humans, 46 vampires and a plant"
195,blade: trinity,52397389.0,65000000.0,action,2004-12-08,254,"195 people, 55 vampires, 3 vampire dogs and Dracula"
196,blended,46290741.0,45000000.0,romantic comedy,2014-05-23,1,1 baby boar
197,bless the child,29374178.0,40000000.0,thriller/suspense,2000-08-11,6,6
200,blood and chocolate,3526588.0,15000000.0,horror,2007-01-26,12,12
201,blood diamond,57377916.0,100000000.0,action,2006-12-08,93,92 and a baboon
206,blood work,26199517.0,50000000.0,thriller/suspense,2002-08-09,7,7
207,bloodsport,11806119.0,1500000.0,action,1988-02-26,2,2 bodies and Van Damme gave us 10 full horizontal splits
212,blue valentine,9737892.0,1000000.0,drama,2010-12-29,1,1
215,boogeyman,46363118.0,20000000.0,horror,2005-02-04,5,4 and a bird
216,boogie nights,26384919.0,15000000.0,drama,1997-10-10,9,9
220,the bourne identity,121468960.0,60000000.0,thriller/suspense,2002-06-14,9,8 and a dog
221,the bourne legacy,113203870.0,125000000.0,thriller/suspense,2012-08-10,19,"16 people, a wolf, a fox and an elk"
222,the bourne supremacy,176087450.0,85000000.0,thriller/suspense,2004-07-23,9,9
223,the bourne ultimatum,227471070.0,130000000.0,thriller/suspense,2007-08-03,4,4
224,boyhood,25379975.0,4000000.0,drama,2014-07-11,0,0
225,bram stokers dracula,78142084.0,40000000.0,horror,1992-11-13,103,"95, 1 worm, 1 baby, 1 horse, and 5 vampires"
227,braveheart,75545647.0,72000000.0,drama,1995-05-24,21338,"20,176 men and 1,162 horses"
229,brick,2075743.0,450000.0,drama,2006-03-31,8,7 and a fetus
230,bride of chucky,32368960.0,25000000.0,horror,1998-10-16,10,"8 and 1 and 1/2 dolls. Also, one killer baby doll was spewed."
231,bridge to terabithia,82234139.0,25000000.0,drama,2007-02-16,1,1
234,brokeback mountain,83043761.0,13900000.0,drama,2005-12-09,4,"1, a moose, a coyote and a sheep"
235,broken arrow,70640985.0,65000000.0,action,1996-02-09,27,27
236,broken city,19701164.0,35000000.0,thriller/suspense,2013-01-18,2,2
238,brooklyns finest,27163593.0,17000000.0,thriller/suspense,2010-03-05,16,16
243,bubble boy,5002310.0,13000000.0,comedy,2001-08-24,1,1 cow
246,bug,7006708.0,4000000.0,drama,2007-05-25,3,3
247,bullet to the head,9489829.0,55000000.0,action,2013-02-01,33,33
248,bully,881824.0,2100000.0,drama,2001-07-13,1,1
250,buried,1044143.0,1987650.0,thriller/suspense,2010-09-24,1,1
252,burn after reading,60355347.0,37000000.0,black comedy,2008-09-12,2,2
254,butch cassidy and the sundance kid,102308900.0,6000000.0,western,1969-10-24,31,"29, a snake and a horse"
258,cabin fever,21158188.0,1500000.0,horror,2003-09-12,19,"16 people, a pig, a dog and a deer"
269,cape fear,79091969.0,35000000.0,thriller/suspense,1991-11-15,4,3 and a dog
270,capote,28750530.0,7000000.0,drama,2005-09-30,6,6
271,captain america: the first avenger,176654505.0,140000000.0,action,2011-07-22,105,105
272,captain phillips,107136417.0,55000000.0,drama,2013-10-11,3,3
274,carrie,25878153.0,1800000.0,horror,1976-11-16,135,134 and a pig
277,case 39,13261851.0,27000000.0,horror,2010-10-01,7,6 and a demon child
278,casino,42388160.0,52000000.0,drama,1995-11-22,22,22
281,cast away,233632142.0,85000000.0,drama,2000-12-22,9,"4 people, 2 crabs, 2 fish, and 1 volleyball (WILSON!!)"
283,cat people,4000000.0,134000.0,drama,1942-11-16,5,"3, a bunny, and a panther-person"
284,catwoman,40202379.0,100000000.0,action,2004-07-23,3,3
285,changeling,35739802.0,55000000.0,thriller/suspense,2008-10-24,11,11
289,chernobyl diaries,18119640.0,1000000.0,horror,2012-05-25,6,6
291,chicken run,106793915.0,42000000.0,adventure,2000-06-21,1,1 chicken
293,children of men,35327768.0,76000000.0,thriller/suspense,2006-12-25,15043,"39, a dog, 3 crispy cows and a refugee camp"
303,childs play,31605639.0,9000000.0,horror,1988-11-09,10,5 and 5 rats
304,childs play 2,25459435.0,13000000.0,horror,1990-11-09,8,7 and a doll
306,chloe,3075255.0,13000000.0,thriller/suspense,2010-03-26,1,1
307,choke,2926565.0,3400000.0,comedy,2008-09-26,1,1
313,cinderella,201151353.0,95000000.0,drama,2015-03-13,1,1
315,circle,10024.0,2000000.0,horror,2010-08-27,50,49 and a fetus
316,cirque du freak: the vampires assistant,14046595.0,40000000.0,action,2009-10-23,1,1
319,clash of the titans,30000000.0,15000000.0,adventure,1981-06-12,75,"69 plus 3 giant scorpions, 1 two-headed dog, Medusa and the Kraken"
320,clash of the titans,163214888.0,125000000.0,action,2010-04-01,1291,"1,281 plus 1 fish, 2 giant scorpions, 4 furies, Medusa, a djinn, and the kraken"
321,clay pigeons,1789892.0,8000000.0,thriller/suspense,1998-09-25,3,3
322,clerks,2852326.0,27000.0,comedy,1994-10-19,1,1
324,cloud atlas,27108272.0,102000000.0,drama,2012-10-26,169,168 and a dog
325,cloudy with a chance of meatballs,124870275.0,100000000.0,comedy,2009-09-18,4,1 and 3 gummie bears
326,club dread,5001655.0,8500000.0,comedy,2004-02-27,13,"3 before the credits, then 10 more. And 2 quotes."
331,collateral,100170152.0,60000000.0,action,2004-08-06,15,15
332,colombiana,36665854.0,40000000.0,thriller/suspense,2011-08-26,32,32
335,commando,34896317.0,10000000.0,action,1985-10-04,86,86
336,compliance,319285.0,270000.0,drama,2012-08-17,0,0
338,con air,101087161.0,80000000.0,action,1997-06-06,31,"30, a tank and a car"
339,conan the barbarian,21295021.0,90000000.0,action,2011-08-19,76,"71 people, 3 horses, 1 buzzard and a giant snake"
341,confessions of a dangerous mind,16003576.0,29000000.0,drama,2002-12-31,13,13
343,constantine,75500759.0,75000000.0,action,2005-02-18,283,"5 people, 15 demons, 51 half breeds, 127 cows and 85 bugs"
344,contagion,75658097.0,60000000.0,thriller/suspense,2011-09-09,26000087,"Over 26 million people, 56 monkeys and one pig"
349,cop land,44810734.0,15000000.0,drama,1997-08-15,8,8
350,cop out,44875481.0,37000000.0,comedy,2010-02-26,10,10
351,coraline,75286229.0,60000000.0,adventure,2009-02-06,21,"8 bugs, 2 rats, 1 cocoa beetle, 2 taffy sisters, 6 dog bats, 1 spider hand and 1 Other Dad"
352,cowboys and aliens,100240551.0,163000000.0,action,2011-07-29,130,"35 people, 11 horses, 44 cows and 40 aliens"
354,crank,27838408.0,12000000.0,action,2006-09-01,23,22 and a bird
355,crank 2: high voltage,13684249.0,20000000.0,thriller/suspense,2009-04-17,41,41
357,crazy stupid love,84351197.0,50000000.0,comedy,2011-07-29,0,0
360,creepshow,20036244.0,8000000.0,horror,1982-11-10,18,10 and 8 bugs
361,creepshow 2,14000000.0,3500000.0,horror,1987-05-01,14,13 and a duck
368,cube,489220.0,250000.0,thriller/suspense,1998-09-11,6,6
371,cursed,19294901.0,35000000.0,horror,2005-02-25,5,4 and a werewolf
377,dallas buyers club,27298285.0,5000000.0,drama,2013-11-01,1,1
379,dances with wolves,175293948.0,19000000.0,western,1990-11-09,103,"52 people, 2 dogs, 41 buffalo, 7 horses and a wolf"
383,daredevil,102543518.0,80000000.0,action,2003-02-14,11,10 and a fly
385,the dark knight,533345358.0,185000000.0,action,2008-07-18,26,26
388,dark shadows,79727149.0,150000000.0,black comedy,2012-05-11,23,"21 people, a witch and a dog"
389,dark skies,17418667.0,3500000.0,thriller/suspense,2013-02-22,550,3 flocks of birds
391,dark water,25473093.0,60000000.0,thriller/suspense,2005-07-08,1,1
392,darkness falls,32539681.0,7000000.0,horror,2003-01-24,12,11 and an evil tooth fairy ghost bitch
393,date movie,48548426.0,20000000.0,comedy,2006-02-17,11,10 people and a rat
394,the day after tomorrow,186740799.0,125000000.0,adventure,2004-05-28,2500500000,Most of the Northern Hemisphere
395,day of the dead,5804262.0,3500000.0,horror,1985-07-03,118,117 and one zombie boyfriend
405,dead poets society,94326915.0,16400000.0,drama,1989-06-02,1,1
408,deadfall,66351.0,6000000.0,thriller/suspense,2012-12-07,8,7 and a deer
412,dear john,80014842.0,25000000.0,drama,2010-02-05,2,2
419,death to smoochy,8355815.0,50000000.0,black comedy,2002-03-29,3,3
426,deception,4598506.0,25000000.0,thriller/suspense,2008-04-25,3,3
428,deep rising,11146409.0,45000000.0,action,1998-01-30,4207,"4,206 and one real unfriendly sea monster"
431,defendor,44462.0,3750000.0,drama,2010-02-19,2,2
434,derailed,36020063.0,22000000.0,action,2005-11-11,5,5
435,derailed,36020063.0,22000000.0,action,2005-11-11,13,13
439,desperado,25405445.0,7000000.0,action,1995-08-25,51,51
440,despicable me,251513985.0,69000000.0,comedy,2010-07-09,1,1 bird
442,deuce bigalow: european gigolo,22264487.0,22000000.0,comedy,2005-08-12,4,4
443,deuce bigalow: male gigolo,65535067.0,18000000.0,comedy,1999-12-10,2,1 rainbow fish and 1 chinese tailbar lionfish
444,devil,33601190.0,10000000.0,horror,2010-09-17,7,7
450,diamonds are forever,43800000.0,7200000.0,action,1971-12-17,66,66 and only 1 bitch banged
451,diary of the dead,952620.0,2750000.0,horror,2008-02-15,30,30
453,the dictator,59650222.0,65000000.0,comedy,2012-05-16,2,2
455,die another day,160932247.0,142000000.0,action,2002-11-22,24,24 and 2 bitches banged
456,die hard,80639179.0,28000000.0,action,1988-07-15,23,23
457,die hard 2,117323878.0,70000000.0,action,1990-07-03,265,265
458,die hard: with a vengeance,99983259.0,90000000.0,action,1995-05-19,16,16 plus 5 motherfuckers from Samuel L. Jackson
464,dirty work,9975684.0,13000000.0,comedy,1998-06-12,7,7
465,district 9,115646235.0,30000000.0,thriller/suspense,2009-08-14,95,"48, a little alien dog, and 46 alien eggs"
466,disturbia,80106701.0,20000000.0,thriller/suspense,2007-04-13,6,"4, 1 deer and 1 rabbit"
467,divergent,150947895.0,85000000.0,adventure,2014-03-21,31,31
468,the divine secrets of the ya-ya sisterhood,69586544.0,27000000.0,comedy,2002-06-07,1,1
469,django unchained,162805434.0,100000000.0,western,2012-12-25,56,"52 people, 4 horses and 5 motherfuckers"
470,do the right thing,24289231.0,6000000.0,comedy,1989-06-30,1,1
471,dodgeball: a true underdog story,114326736.0,30000000.0,comedy,2004-06-18,1,1
472,dogma,30651422.0,10000000.0,comedy,1999-11-12,67,"57, 5 demons and 5 gang members"
474,domino,10169202.0,50000000.0,action,2005-10-14,24,22 and 2 goldfish
475,don jon,24477704.0,5500000.0,romantic comedy,2013-09-27,0,0
476,donnie brasco,41954997.0,35000000.0,drama,1997-02-28,6,6
477,donnie darko,1270522.0,4500000.0,drama,2001-10-26,1,1
479,dont be afraid of the dark,24046682.0,25000000.0,horror,2011-08-26,3,1 and 2 evil ass fairies
482,dont say a word,54997476.0,50000000.0,thriller/suspense,2001-09-28,6,6
486,dr no,16067035.0,1000000.0,action,1963-05-08,11,"10 and a huge fucking venomous spider, plus 3 bitches banged"
489,draft day,28842237.0,25000000.0,drama,2014-04-11,0,0
490,drag me to hell,42100625.0,30000000.0,horror,2009-05-29,5,4 and a kitten
493,dream house,21302340.0,50000000.0,horror,2011-09-30,2,2
494,dreamcatcher,33685268.0,68000000.0,drama,2003-03-21,108,"14 people, 1 dog, 1 deer, 29 giant alien ass penis monsters, 3 alien ass worms, 19 alien ass worm babies, 40 alien ass worm eggs and 1 Duddits"
496,dredd,13414714.0,45000000.0,action,2012-09-21,87,87
497,drive,35060689.0,15000000.0,action,2011-09-16,10,10
498,drive angry,10721033.0,50000000.0,action,2011-02-25,67,67
500,drop dead gorgeous,10571408.0,10000000.0,comedy,1999-07-23,7,"5, plus a trailer exploded and one girl lost her hearing"
502,duets,4734235.0,16000000.0,drama,2000-09-15,2,2
503,dumb & dumber,127140750.0,16000000.0,comedy,1994-12-16,2,1 and a bird
504,dune,27447471.0,45000000.0,action,1984-12-14,270,268 and 2 sandworms
508,eagle eye,101440743.0,80000000.0,thriller/suspense,2008-09-26,61,61
509,earth to echo,38934842.0,13000000.0,adventure,2014-07-02,0,0
515,ed wood,5755976.0,18000000.0,comedy,1994-09-30,1,1
516,edge of darkness,43313890.0,60000000.0,drama,2010-01-29,12,12
518,edge of tomorrow,100206256.0,178000000.0,action,2014-06-06,0,0
519,edward scissorhands,53976987.0,20000000.0,comedy,1990-12-07,2,2
520,elektra,24409722.0,65000000.0,action,2005-01-14,22,22
522,elizabeth,30012990.0,25000000.0,drama,1998-11-06,482,482
523,elizabeth: the golden age,16285240.0,55000000.0,drama,2007-10-12,704,704
524,elysium,93050117.0,120000000.0,action,2013-08-09,69,69
526,enchanted,127706877.0,85000000.0,romantic comedy,2007-11-21,3,"1 cockroach, 1 bag of bird seed (which was stabbed with a sword), and 1 evil witch queen who was killed while in dragon form."
527,enemy of the state,111544445.0,85000000.0,action,1998-11-20,13,13
529,equilibrium,1190018.0,20000000.0,action,2002-12-06,187,180 people and 7 dogs
531,escape from tomorrow,171962.0,650000.0,drama,2013-10-11,2,1 and an android
532,eternal sunshine of the spotless mind,34366518.0,20000000.0,comedy,2004-03-19,0,0
533,event horizon,26668092.0,60000000.0,horror,1997-08-15,3,3
535,eves bayou,14821531.0,5000000.0,drama,1997-11-07,4,4 and 0 motherfuckers
540,ex machina,25440971.0,13000000.0,thriller/suspense,2015-04-10,2,2
541,existenz,2840417.0,20700000.0,thriller/suspense,1999-04-23,2,2
543,extract,10823158.0,7500000.0,comedy,2009-09-04,2,1 and a testicle
544,extremely loud and incredibly close,31847881.0,40000000.0,drama,2011-12-25,2763,"2,763"
545,eye of the beholder,16500786.0,15000000.0,thriller/suspense,2000-01-28,5,5
550,falcon rising,11774.0,4500000.0,adventure,2014-09-04,34,34
553,family plot,13200000.0,3000000.0,black comedy,1976-04-09,1,1
555,fantastic four,56117548.0,120000000.0,action,2015-08-07,4,4
556,fantastic four: rise of the silver surfer,131921738.0,120000000.0,action,2007-06-15,2,2
557,the fantastic mr fox,21002919.0,40000000.0,adventure,2009-11-13,6,"2 squabs, 3 chickens, 1 rat"
559,fargo,24547547.0,7000000.0,thriller/suspense,1996-03-08,7,7
560,fast five,209837675.0,125000000.0,action,2011-04-29,35,35
561,fast times at ridgemont high,27092880.0,4500000.0,comedy,1982-08-13,1,1 fetus
564,fear and loathing in las vegas,10562387.0,18500000.0,comedy,1998-05-22,1,1 bat
565,feast,56131.0,3200000.0,horror,2006-09-22,17,"11 plus 3 monsters, 2 baby monsters and a monster cock"
569,3 men and a baby,164016972.0,15000000.0,comedy,1987-11-25,2,2
570,fido,298110.0,8000000.0,horror,2007-06-15,13,13
572,fight club,37030102.0,65000000.0,drama,1999-10-15,1,1
575,final destination,53302314.0,23000000.0,horror,2000-03-17,292,292
576,final destination 2,46896664.0,26000000.0,horror,2003-01-31,26,26
577,final destination 3,54098051.0,25000000.0,horror,2006-02-10,14,11 plus 2 fried bitches and a pigeon
579,final destination 5,42587643.0,40000000.0,horror,2011-08-12,94,94
581,finding nemo,380529370.0,94000000.0,adventure,2003-05-30,422,2 fish and 420 eggs
582,first blood,47212904.0,14000000.0,action,1982-10-22,5,"1 man, 3 dogs, 1 wild pig"
585,flash gordon,27107960.0,35000000.0,action,1980-12-05,57,56 (including 9 hawkmen and 1 lizard man) plus a swamp monster
587,flight,93772375.0,31000000.0,drama,2012-11-02,6,6
590,flushed away,64665672.0,149000000.0,comedy,2006-11-03,27,3 flies and 2 bowls of maggots
592,focus,53862963.0,65000000.0,romantic comedy,2015-02-27,0,0
595,for your eyes only,54800000.0,28000000.0,action,1981-06-26,45,"27, 1 British spy ship disguised as a fishing vessel, and one bitch banged"
598,formula 51,5204007.0,27000000.0,action,2002-10-18,16,"15 and 1 exploded Meatloaf, plus Samuel L. Jackson said motherfucker 5 times."
599,forrest gump,330151138.0,55000000.0,drama,1994-07-06,17,"13 plus Elvis, JFK, Bobby Kennedy, and John Lennon"
602,four brothers,74494381.0,30000000.0,drama,2005-08-12,14,14
607,freaky friday,110222438.0,26000000.0,comedy,2003-08-06,0,0
608,freddy vs jason,82490748.0,25000000.0,horror,2003-08-15,85,20 people and 65 maggots
609,freedom writers,36605602.0,21000000.0,drama,2007-01-05,3,3
612,friday the 13th,39754601.0,550000.0,horror,1980-05-09,11,10 and a snake
614,friday the 13th part 2,21722776.0,1250000.0,horror,1981-04-30,9,9
615,friday the 13th part 3,33985198.0,2250000.0,horror,1982-08-13,13,12 and an unborn baby
616,friday the 13th part iv: the final chapter,30393007.0,2600000.0,horror,1984-04-13,14,14
617,friday the 13th part v: a new beginning,20674880.0,2200000.0,horror,1985-03-22,19,19
618,friday the 13th part vi: jason lives,17834917.0,3000000.0,horror,1986-08-01,18,17 (including a 3-for-one decapitation) and 1 bug
619,friday the 13th part vii: the new blood,19170001.0,2800000.0,horror,1988-05-13,16,16
620,friday the 13th part viii: jason takes manhattan,14343976.0,5000000.0,horror,1989-07-28,22,22
623,fright night,18298649.0,30000000.0,horror,2011-08-19,10,5 and 5 vampires
626,from dusk till dawn,25728961.0,20000000.0,horror,1996-01-19,94,23 humans and 71 vampires
629,from hell,31598308.0,35000000.0,thriller/suspense,2001-10-19,8,8
630,from paris with love,24077427.0,52000000.0,thriller/suspense,2010-02-05,48,48
631,from russia with love,24800000.0,2000000.0,action,1964-04-08,23,"22, 1 siamese fighting fish, and 2 bitches banged"
632,frozen,400738009.0,150000000.0,adventure,2013-11-22,6,1 ship
637,gangs of new york,77730500.0,97000000.0,drama,2002-12-20,95,94 and a rat
638,garden state,26782316.0,2500000.0,drama,2004-07-28,1,1 hamster
639,gattaca,12339633.0,36000000.0,drama,1997-10-24,5,2 and 3 zygotes
640,gentlemen broncos,113682.0,9500000.0,comedy,2009-10-30,0,0
641,get hard,90411453.0,40000000.0,comedy,2015-03-27,0,0
642,get smart,130319208.0,80000000.0,comedy,2008-06-20,14,13 and a robot fly
646,ghost dog: way of the samurai,3330230.0,2000000.0,drama,2000-03-03,45,"18 people, 26 pigeons and 1 bear"
648,ghost rider,115802596.0,120000000.0,action,2007-02-16,26,"21, 4 demons and an iguana"
649,ghost ship,30113491.0,20000000.0,horror,2002-10-25,1137,"1,137"
650,ghostbusters,242212467.0,30000000.0,comedy,1984-06-08,3,1 Stay Puft Marshmallow Man and 2 gargoyle dogs
655,gi jane,48154732.0,50000000.0,drama,1997-08-22,15,15
656,gi joe: the rise of cobra,150201498.0,175000000.0,action,2009-08-07,149,149
670,goldeneye,105978900.0,60000000.0,action,1995-11-17,60,60 and 2 bitches banged
671,goldfinger,51100000.0,3000000.0,action,1964-12-22,60,60 and 2 bitches banged
673,gone girl,167767189.0,61000000.0,thriller/suspense,2014-10-03,1,1
674,good night and good luck,31501218.0,7000000.0,drama,2005-10-07,1,1
678,good will hunting,138339411.0,10000000.0,drama,1997-12-05,0,0
679,goodfellas,46261759.0,25000000.0,drama,1990-09-19,10,10
680,gosford park,41300105.0,18000000.0,comedy,2001-12-26,17,1 person and 16 birds
682,grace,8297.0,5000000.0,horror,2009-08-14,53,"3 people, 2 rats and 48 flies"
683,gran torino,148095302.0,25000000.0,drama,2008-12-12,1,1
684,gravity,274092705.0,110000000.0,thriller/suspense,2013-10-04,4,4
685,green lantern,116601172.0,200000000.0,action,2011-06-17,30,29 and Parallax
687,gremlins,148117285.0,11000000.0,comedy,1984-06-08,132,3 people and 129 gremlins
688,gremlins 2: the new batch,41476097.0,50000000.0,comedy,1990-06-15,325,"3 people, 322 gremlins"
690,grosse pointe blank,28073151.0,15000000.0,black comedy,1997-04-11,14,14
692,half baked,17278980.0,8000000.0,comedy,1998-01-16,2,1 horse and 1 dog
695,halloween 4: the return of michael myers,16634499.0,5000000.0,horror,1988-10-01,20,19 and a dog
696,halloween 5: the revenge of michael myers,11642254.0,6000000.0,horror,1989-10-13,21,20 and a dog
700,halloween 3: season of the witch,14400000.0,2500000.0,horror,1982-10-22,31,8 people and 23 robots
702,halloween: the curse of michael myers,15106362.0,5000000.0,horror,1995-09-29,12,12
704,halloween: resurrection,30259652.0,15000000.0,horror,2002-07-12,10,10
706,hancock,227946274.0,150000000.0,action,2008-07-01,1,1
707,hanna,40259119.0,30000000.0,drama,2011-04-08,19,18 and a reindeer
709,hannibal rising,27669725.0,50000000.0,thriller/suspense,2007-02-09,32,"30 people, a fish and a bird"
712,happy gilmore,38602000.0,10000000.0,comedy,1996-02-16,3,2 and an alligator
714,hard candy,1024640.0,950000.0,horror,2006-04-14,1,1
716,harry brown,1818681.0,7300000.0,thriller/suspense,2010-04-30,14,14
717,harry potter and the chamber of secrets,261987880.0,100000000.0,adventure,2002-11-15,8,"1 snake, 1 basilisk and some mandrake roots"
718,harry potter and the goblet of fire,290013036.0,150000000.0,adventure,2005-11-18,4,3 and a bug
719,harry potter and the order of the phoenix,292004738.0,150000000.0,adventure,2007-07-11,1,1
720,harry potter and the prisoner of azkaban,249538952.0,130000000.0,adventure,2004-06-04,4,2 birds and 2 bats
721,harry potter and the sorcererï¿½ï¿½s stone,317575550.0,125000000.0,adventure,2001-11-16,3,2 and a unicorn
722,hatchet,175281.0,1500000.0,horror,2007-09-07,10,10
724,a haunted house,40041683.0,2500000.0,comedy,2013-01-11,2,1 and a dog
727,haywire,18942396.0,23000000.0,thriller/suspense,2012-01-20,8,8
729,heavenly creatures,2932067.0,5000000.0,drama,1994-11-16,1,1
730,hedwig and the angry inch,3067312.0,6000000.0,musical,2001-07-20,0,0
732,hellboy,59103901.0,60000000.0,action,2004-04-02,6041,"34 plus 6 Sammaels, 1 Ogdru Jahad, and thousands of Sammael eggs"
734,hellraiser,13323420.0,1000000.0,horror,1987-09-18,7,6 and 1 rat
742,her,25568251.0,23000000.0,drama,2013-12-18,0,0
752,high tension,3681066.0,2850000.0,horror,2005-06-10,6,5 and a dog
755,a history of violence,31493782.0,32000000.0,drama,2005-09-23,13,13
756,hit & run,13749300.0,22000000.0,comedy,2012-08-22,0,0
757,hitch,177784257.0,55000000.0,romantic comedy,2005-02-11,0,0
758,hobo with a shotgun,703372.0,3000000.0,action,2011-05-06,50,50
759,holes,67383924.0,20000000.0,drama,2003-04-18,9,"7, a mule and 1 yellow spotted lizard"
760,hollow man,73209340.0,90000000.0,horror,2000-08-04,9,"6 people, a rat, a fly and a dog"
762,hollywood homicide,30207785.0,75000000.0,action,2003-06-13,8,8
764,home fries,10443316.0,15000000.0,black comedy,1998-11-25,1,1
768,homefront,20158492.0,22000000.0,action,2013-11-27,11,11
771,hook,109921554.0,70000000.0,adventure,1991-12-11,9,9 and a coconut
772,hope floats,60033780.0,30000000.0,drama,1998-05-29,1,1
774,horrible bosses,117538559.0,35000000.0,comedy,2011-07-08,1,1
776,hostel,47326473.0,4800000.0,horror,2006-01-06,12,12
777,hostel: part ii,17544812.0,7500000.0,horror,2007-06-08,9,9
778,hostel: part ii,17544812.0,7500000.0,horror,2007-06-08,14,13 and a cockroach
779,hot fuzz,23618786.0,16000000.0,comedy,2007-04-20,17,17
784,house at the end of the street,31611916.0,6900000.0,horror,2012-09-21,5,5
785,house of 1000 corpses,12583510.0,7000000.0,horror,2003-04-11,15,15
787,the house of the dead,10199354.0,7000000.0,horror,2003-10-10,128,128
790,how high,31155435.0,12000000.0,comedy,2001-12-21,14,1 and 13 pigeons
791,how the grinch stole christmas,260044825.0,123000000.0,comedy,2000-11-17,0,0
794,how to lose friends & alienate people,2775593.0,28000000.0,comedy,2008-10-03,4,1 dog and 3 goldfish
796,hulk,132177234.0,137000000.0,action,2003-06-20,8,"4, a frog and 3 gamma infected dogs"
800,i am number four,55100437.0,50000000.0,adventure,2011-02-18,16,"3 humans, 3 Loriens, 8 Mogadorians and 2 giant alien bat-dogs"
802,i know what you did last summer,72219395.0,17000000.0,horror,1997-10-17,15,6 and 9 crabs
806,i spit on your grave,93051.0,1750000.0,horror,2010-10-08,6,6
807,i think i love my wife,12550605.0,14000000.0,romantic comedy,2007-03-16,2,2 policemen
808,ice age,176387405.0,65000000.0,adventure,2002-03-15,20,"1, 18 dodos and 1 saber-toothed tiger"
809,ice age: the meltdown,195330621.0,75000000.0,adventure,2006-03-31,4,"A turtle, 2 dinosaurs, and a dodo (bird)"
812,identity thief,134506920.0,35000000.0,comedy,2013-02-08,0,0
813,if i stay,50474843.0,11000000.0,drama,2014-08-22,3,3
814,igby goes down,4777465.0,9000000.0,comedy,2002-09-13,1,1
815,in bruges,7800825.0,15000000.0,comedy,2008-02-08,5,5
816,in dreams,11927682.0,30000000.0,horror,1999-01-15,5,5
819,in time,37553932.0,35000000.0,thriller/suspense,2011-10-28,10,10
821,inception,292576195.0,160000000.0,thriller/suspense,2010-07-16,3,3
822,the incredible hulk,134533885.0,137500000.0,adventure,2008-06-13,20,20
824,independence day,306124059.0,75000000.0,adventure,1996-07-02,12702478,"1,702,461 humans and 11,000,017 aliens"
825,indiana jones and the last crusade,195705225.0,48000000.0,adventure,1989-05-24,2055,"48 people, 7 birds, and 2,000 rats"
826,indiana jones and the temple of doom,175083524.0,28000000.0,adventure,1984-05-23,532,"31 people, 8 chickens, 2 snakes, 1 mosquito and 490 other bugs"
828,inglourious basterds,120774594.0,70000000.0,action,2009-08-20,397,397
830,inherent vice,8110975.0,20000000.0,drama,2014-12-12,4,4
832,insidious,54009150.0,1500000.0,horror,2011-04-01,1,1
833,insidious chapter 2,83586447.0,5000000.0,horror,2013-09-13,1,1
834,insurgent,130179072.0,110000000.0,action,2015-03-20,6,6
836,interstellar,188017894.0,165000000.0,adventure,2014-11-05,6,6
838,into the storm,47602194.0,50000000.0,thriller/suspense,2014-08-08,7,7
839,into the wild,18354356.0,20000000.0,drama,2007-09-21,11,"1 person, 1 moose, 1 fish and 8 more random animals"
840,intolerable cruelty,35327628.0,60000000.0,romantic comedy,2003-10-10,2,2
842,the iron giant,23159305.0,50000000.0,adventure,1999-08-04,3,2 and a deer
844,iron man,318604126.0,186000000.0,action,2008-05-02,86,86
845,iron man 2,312128345.0,170000000.0,adventure,2010-05-07,7,7
846,iron man 3,408992272.0,200000000.0,action,2013-05-03,62,62 people and 1 exploding plant
848,it follows,14674077.0,2000000.0,horror,2015-03-13,3,2 people and 1 bug
853,jack reacher,80070736.0,60000000.0,drama,2012-12-21,18,18
854,jack ryan: shadow recruit,50577412.0,60000000.0,action,2014-01-17,14,14
855,jackie brown,39647595.0,12000000.0,drama,1997-12-25,4,4 bodies and 38 motherfuckers from Samuel L. Jackson
859,jarhead,62647540.0,72000000.0,drama,2005-11-04,753,752 and a scorpion
860,jason x,12610731.0,14000000.0,horror,2002-04-26,250023,"250,023"
861,jaws,260000000.0,12000000.0,horror,1975-06-20,8,"5, 2 sharks and a dog"
862,jaws 2,102922376.0,20000000.0,horror,1978-06-16,8,7 people and 1 shark
864,jaws 4: the revenge,15728335.0,23000000.0,horror,1987-07-17,3,2 and a shark
865,jay and silent bob strike back,30059386.0,22000000.0,comedy,2001-08-24,1,1
866,jeepers creepers,37904175.0,10000000.0,horror,2001-08-31,8,8
867,jeepers creepers ii,35623801.0,25000000.0,horror,2003-08-29,10,10
868,jeff who lives at home,4269426.0,10000000.0,comedy,2012-03-16,0,0
869,jennifers body,16204793.0,16000000.0,thriller/suspense,2009-09-18,57,56 people and 1 succubus
870,jersey girl,25266129.0,35000000.0,comedy,2004-03-26,1,1
873,jesus son,1282084.0,2500000.0,drama,2000-06-16,12,"5 plus 1 rabbit, 5 premature rabbits and 1 fetus"
877,joe dirt,27087695.0,16000000.0,comedy,2001-04-11,7,"4, a dog, a duck and a fly"
882,jonah hex,10547117.0,47000000.0,action,2010-06-18,482,482
884,judge dredd,34687912.0,85000000.0,action,1995-06-30,231,231 and an ABC robot
886,jumanji,100109938.0,65000000.0,adventure,1995-12-15,0,0
887,jumper,81168265.0,82500000.0,adventure,2008-02-14,6,6 bodies and 0 motherfuckers
888,juno,143495265.0,7000000.0,comedy,2007-12-05,0,0
890,jupiter ascending,47482519.0,179000000.0,action,2015-02-06,34,"7 people, 18 aliens, 7 gargoyles and 2 gun-armed guards"
891,jurassic park,395708305.0,63000000.0,action,1993-06-11,9,"5 people, 2 dinosaurs, a goat and a bull"
892,jurassic park iii,181166115.0,93000000.0,action,2001-07-18,8,"6 people, a T-Rex and a Pterodactyl"
893,jurassic world,652198010.0,215000000.0,action,2015-06-12,35,"19 people, a pig, a goat, a bug, 1 Ankylosaurus, 6 Apatosaurus, 1 Dimorphodon, 1 Pteranondon, 3 Velociraptors and 1 Indominus Rex "
899,kick-ass,48071303.0,28000000.0,black comedy,2010-04-16,64,64
900,kick-ass 2,28795985.0,28000000.0,action,2013-08-16,26,26
901,kickboxer,14533681.0,1500000.0,action,1989-09-08,3,3
904,kill bill: volume 1,70098138.0,55000000.0,action,2003-10-10,51,51
905,kill bill: volume 2,66207920.0,55000000.0,action,2004-04-16,11,11
906,kill the messenger,2450846.0,5000000.0,thriller/suspense,2014-10-10,0,0
908,killer elite,25124986.0,70000000.0,action,2011-09-23,17,17
909,killer joe,1291645.0,10000000.0,black comedy,2012-07-27,2,2
912,killers,47059963.0,75000000.0,action,2010-06-04,10,10
914,killing them softly,14945541.0,15000000.0,thriller/suspense,2012-11-30,3,3
916,king kong,218080025.0,207000000.0,adventure,2005-12-14,71,"26 with Ape. Also 3 dinosaurs, 4 T-Rexes, 35 various giant insects and 3 giant bats."
918,kingdom of heaven,47398413.0,110000000.0,adventure,2005-05-06,1594,"1,578 and 16 horses"
919,kinsey,10214647.0,11000000.0,drama,2004-11-12,1,1
920,kiss kiss bang bang,4235837.0,15000000.0,comedy,2005-10-21,12,12
921,knight and day,76423035.0,117000000.0,action,2010-06-23,49,49
922,knowing,79957634.0,50000000.0,thriller/suspense,2009-03-20,6785987235,All of Earth except for 2 kids and 2 rabbits
926,kung pow: enter the fist,16033556.0,10000000.0,comedy,2002-01-25,48,"43 people, a dog, 2 moths, a big toe, a stomach plug and one French alien UFO"
927,l!fe happens,30905.0,930000.0,comedy,2012-04-13,0,0
928,la confidential,64604977.0,35000000.0,drama,1997-09-19,31,31
932,lake placid,31770413.0,27000000.0,thriller/suspense,1999-07-16,5,"2, a bear, a cow and a giant crocodile"
933,lara croft: tomb raider: the cradle of life,65653758.0,90000000.0,adventure,2003-07-25,48,44 and 4 shadow guardians
934,lara croft: tomb raider,131144183.0,94000000.0,adventure,2001-06-15,11,11
938,law abiding citizen,73357727.0,53000000.0,thriller/suspense,2009-10-16,15,15
940,layer cake,2338695.0,6500000.0,thriller/suspense,2005-05-13,11,11
943,leaves of grass,70066.0,9000000.0,black comedy,2010-04-02,7,6 and a catfish
944,lee daniels the butler,116632095.0,30000000.0,drama,2013-08-16,6,6
945,legally blonde,96493426.0,18000000.0,comedy,2001-07-13,0,0
947,legends of the fall,66484854.0,30000000.0,drama,1994-12-23,8765,"8,763 people, 1 cow and 1 unidentified animal"
948,legion,40122938.0,26000000.0,thriller/suspense,2010-01-22,217,172 and 45 locusts
949,lemony snickets a series of unfortunate events,118627117.0,100000000.0,comedy,2004-12-17,4,4
958,let me in,12134935.0,20000000.0,thriller/suspense,2010-10-01,10,10
960,lethal weapon,59932279.0,15000000.0,action,1987-03-06,28,28
962,letï¿½ï¿½s be cops,82390774.0,17000000.0,comedy,2014-08-13,3,3
963,lets go to prison,4630045.0,4000000.0,comedy,2006-11-17,1,1
965,licence to kill,33197509.0,42000000.0,action,1989-07-14,23,"20, a starfish, 2 sharks and 2 bitches banged"
966,life as we know it,53374681.0,38000000.0,romantic comedy,2010-10-08,2,2
969,life of pi,124987022.0,120000000.0,drama,2012-11-21,328,"25, a goat, a giraffe, a camel, an ostrich, a warthog, 6 birds, 5 monkeys, an ibex, a cheetah, a hippo, 2 orangutans, a rhino, a zebra, a hyena, a rat, 2 big fish, a boatload of flying fish, 45 jellyfish, 40 fish eaten by acid and 61 meerkats"
972,lilo & stitch,145771527.0,80000000.0,adventure,2002-06-21,1,1 alien cop
973,limitless,79249455.0,27000000.0,thriller/suspense,2011-03-18,11,11
974,the lion king,422780140.0,79300000.0,adventure,1994-06-15,22,"19 bugs, a zebra, Mufasa and Scar"
978,little miss sunshine,59891098.0,8000000.0,comedy,2006-07-26,1,1
980,little shop of horrors,38747385.0,30000000.0,musical,1986-12-19,3,"2 and a plant<br />(However, in the original ending that Frank Oz shot, the true body count would be 4 and no plant. Test audiences hated this ending "
981,live and let die,35400000.0,7000000.0,action,1973-06-27,8,"6, a snake, a crocodile, and 3 bitches banged"
982,live free or die hard,134529403.0,110000000.0,action,2007-06-27,41,41
983,lock stock and two smoking barrels,3714067.0,1350000.0,black comedy,1999-03-05,15,15
984,lockout,14326865.0,20000000.0,thriller/suspense,2012-04-13,533,533
987,the long kiss goodnight,33430951.0,65000000.0,action,1996-10-11,52,"50, a deer, a cricket, and Samuel L. Jackson graced us with two motherfuckers."
988,looper,66486205.0,30000000.0,action,2012-09-28,50,50
989,the lord of the rings: the fellowship of the ring,315544750.0,109000000.0,adventure,2001-12-19,183,"102 before the title and then 72 more, plus 9 horses"
990,the lord of the rings: the two towers,342548984.0,94000000.0,adventure,2002-12-18,1246,"87 men, 67 elves, 1,068 orcs, 6 horses, 13 worgs, 1 ent, 1 balrog, 2 rabbits and 1 fish"
991,the lord of the rings: the return of the king,377845905.0,94000000.0,adventure,2003-12-17,220334,"15,107 men, 205,066 orcs, 110 trolls, 7 horses, 1 worm, 1 hobbit, 1 fish, 20 elephants, 9 Nazgul, 9 Fell Beasts, 1 giant creepy-ass spider, Sauron and Gollum"
992,lord of war,24149632.0,42000000.0,action,2005-09-16,69,69
993,lost in translation,44585453.0,4000000.0,drama,2003-09-12,0,0
995,the lost world: jurassic park,229074524.0,75000000.0,action,1997-05-22,16,"14 people, a dog and a Velociraptor"
997,love happens,22965110.0,18000000.0,drama,2009-09-18,1,1
1001,lucky number slevin,22495466.0,27000000.0,thriller/suspense,2006-04-07,22,"20 people, 1 horse, and 1 apartment"
1002,lucy,126573960.0,40000000.0,action,2014-07-25,44,"41, a bug, a fish and a gazelle"
1005,machete,26593646.0,12500000.0,action,2010-09-03,78,77 and an unborn child
1007,mad max,8750000.0,200000.0,action,1980-03-21,10,9 and a dog
1008,mad max 2: the road warrior,24600832.0,2000000.0,action,1982-05-21,42,"39 people, a rabbit, a snake and a dog"
1009,mad max beyond thunderdome,36230219.0,10000000.0,action,1985-07-10,8,7 and a horse
1013,magnolia,22450975.0,37000000.0,drama,1999-12-17,30000000,"8, a dog, and a whole LOT of frogs"
1015,malevolence,126021.0,200000.0,horror,2004-09-10,5,5
1017,mallrats,2028211.0,6100000.0,comedy,1995-10-20,0,0
1018,mama,71628180.0,15000000.0,horror,2013-01-18,9,"6 people, a baby and 2 moths"
1019,man of steel,291045518.0,225000000.0,action,2013-06-14,2000129220,"129,039 people, General Zod, 10 Kryptonian soldiers, 170 Kryptonian fetuses and the planet Krypton"
1020,man of the house,19118247.0,50000000.0,comedy,2005-02-25,4,4
1021,man on the moon,34580635.0,52000000.0,drama,1999-12-22,1,1
1022,the man who knew too little,13801755.0,20000000.0,comedy,1997-11-14,4,4
1031,margin call,5353586.0,3400000.0,drama,2011-10-21,1,1 dog
1032,mars attacks!,37754208.0,80000000.0,comedy,1996-12-13,204,"122 people, 78 aliens, 2 dogs, 1 dove and 1 bird"
1038,max payne,40687294.0,35000000.0,action,2008-10-17,32,32
1040,the maze runner,102427862.0,34000000.0,thriller/suspense,2014-09-19,17,14 and 3 Grievers
1041,me myself & irene,90570999.0,51000000.0,romantic comedy,2000-06-23,1,1
1042,mean creek,603951.0,500000.0,drama,2004-08-20,2,1 and a snail
1043,mean girls,86047227.0,18000000.0,comedy,2004-04-30,0,0
1046,meet the fockers,279167575.0,60000000.0,comedy,2004-12-22,0,0
1047,meet the parents,166225040.0,55000000.0,comedy,2000-10-06,0,0
1052,melancholia,3030848.0,9400000.0,thriller/suspense,2011-11-11,7021836029,"7,021,836,029"
1053,memento,25530884.0,5000000.0,drama,2001-03-16,4,4
1054,memoirs of a geisha,57010853.0,85000000.0,drama,2005-12-09,2,2
1056,men in black,250147615.0,90000000.0,adventure,1997-07-01,19,"5 humans, 5 aliens, 5 roaches, 1 dragonfly and 3 flies"
1057,men in black 2,190418803.0,140000000.0,action,2002-07-03,11,1 human and 10 aliens
1059,menace ii society,27731527.0,3500000.0,action,1993-05-26,8,8
1061,mercury rising,32940507.0,60000000.0,thriller/suspense,1998-04-03,15,15
1064,milk,31841299.0,20000000.0,drama,2008-11-26,4,4
1066,million dollar baby,100422786.0,30000000.0,drama,2004-12-15,1,1
1067,minority report,132024714.0,102000000.0,action,2002-06-21,3,3
1069,mirror mirror,64935167.0,85000000.0,adventure,2012-03-30,0,0
1073,mission: impossible 2,215409889.0,120000000.0,action,2000-05-24,280,280
1074,mission: impossible iii,133501348.0,150000000.0,action,2006-05-05,29,29
1075,mission: impossible,180891004.0,80000000.0,action,1996-05-21,38,"7 people, a rat and 30 fish"
1077,money train,35305090.0,68000000.0,action,1995-11-22,3,3
1078,moneyball,75605492.0,50000000.0,drama,2011-09-23,0,0
1080,monster,34469210.0,5000000.0,drama,2003-12-24,4,4
1081,monster house,73661010.0,75000000.0,adventure,2006-07-21,2,1 and a monster house (More people were eaten by the monster house but at the end they magically reappeared and we had to cross them off the list.)
1082,monsters vs aliens,198351526.0,175000000.0,adventure,2009-03-27,3682,"3,601 aliens and 81 giant alient robot probes"
1084,moonraker,70300000.0,31000000.0,action,1979-06-29,121,"108, 12 pheasants, 1 python and 3 bitches banged"
1085,moonrise kingdom,45512466.0,16000000.0,drama,2012-05-25,2,1 dog and 1 fish
1090,moulin rouge,57386369.0,53000000.0,musical,2001-05-18,1,1
1092,movie 43,8840453.0,10000000.0,comedy,2013-01-25,0,0
1095,mr deeds,126203320.0,50000000.0,comedy,2002-06-28,1,1
1099,mr popperss penguins,68224452.0,55000000.0,adventure,2011-06-17,0,0
1100,mrs doubtfire,218692701.0,25000000.0,comedy,1993-11-24,0,0
1101,mud,21590086.0,10000000.0,drama,2013-04-26,5,5
1102,mulholland drive,7219578.0,15000000.0,drama,2001-10-08,9,9
1105,muppets from space,16304786.0,24000000.0,comedy,1999-07-14,1,1 cat
1110,my big fat greek wedding,241438208.0,5000000.0,romantic comedy,2002-04-19,0,0
1112,my bloody valentine,51545952.0,14000000.0,horror,2009-01-16,31,31
1114,my own private idaho,6401336.0,2500000.0,black comedy,1991-09-29,2,2
1115,my sisters keeper,49200230.0,27500000.0,drama,2009-06-26,2,2
1116,my soul to take,14744435.0,25000000.0,horror,2010-10-08,9,9
1117,my super ex-girlfriend,22530295.0,30000000.0,comedy,2006-07-21,1,1 shark
1119,mystery men,29762011.0,68000000.0,comedy,1999-08-06,106,6 and a blown-up asylum
1120,napoleon dynamite,44540956.0,400000.0,comedy,2004-06-11,1,1 cow
1123,national lampoonï¿½ï¿½s vacation,61399552.0,15000000.0,comedy,1983-07-29,2,Aunt Edna and the dog
1124,national treasure,173005002.0,100000000.0,adventure,2004-11-19,2,2
1132,neighbors,150086800.0,18000000.0,comedy,2014-05-09,0,0
1134,network,23689877.0,3800000.0,drama,1976-01-01,2,2
1135,never let me go,2419730.0,15000000.0,drama,2010-09-15,3,3
1136,never say never again,55432841.0,36000000.0,action,1983-10-07,17,17 and 4 bitches banged
1138,new years eve,54544638.0,26000000.0,romantic comedy,2011-12-09,1,1
1142,next day air,10027047.0,3000000.0,comedy,2009-05-08,6,6
1143,next stop wonderland,3386698.0,1000000.0,romantic comedy,1998-08-21,0,0
1144,night at the museum,250863268.0,110000000.0,comedy,2006-12-22,1,1 caveman statue
1149,night of the living dead,5835247.0,4200000.0,horror,1990-10-19,15,15
1150,night of the living dead,12000000.0,114000.0,horror,1968-10-01,19,19
1154,nightcrawler,32381218.0,8500000.0,thriller/suspense,2014-10-31,30,30
1158,no country for old men,74273505.0,25000000.0,action,2007-11-09,18,17 and a dog
1159,no reservations,43107979.0,28000000.0,romantic comedy,2007-07-27,1,1
1164,novocaine,2025238.0,6000000.0,comedy,2001-11-16,2,2
1166,now you see me,117723989.0,75000000.0,thriller/suspense,2013-05-31,0,0
1168,nurse betty,25170054.0,24000000.0,black comedy,2000-09-08,4,4
1172,o brother where art thou?,45506619.0,26000000.0,comedy,2000-12-22,14,"7 people, a chicken, 2 gophers, 2 cows, a toad and a dog"
1173,observe and report,24007324.0,18000000.0,comedy,2009-04-10,0,0
1174,oceans eleven,183417150.0,85000000.0,thriller/suspense,2001-12-07,1,1
1176,octopussy,62440579.0,27500000.0,action,1983-06-10,97,"96 and a spider, and 2 bitches banged"
1177,oculus,27695246.0,5000000.0,horror,2014-04-11,4,4
1178,office space,10824921.0,10000000.0,black comedy,1999-02-19,2,1 and a fish
1179,old school,75155000.0,24000000.0,comedy,2003-02-21,3,3
1180,oldboy,707391.0,3000000.0,thriller/suspense,2005-03-25,6,5 and an octopus
1182,olympus has fallen,98927592.0,70000000.0,thriller/suspense,2013-03-22,223,222 and a dog
1183,on her majestys secret service,22800000.0,8000000.0,action,1969-12-18,20,20 and 3 bitches banged
1186,once upon a time in america,5321508.0,30000000.0,drama,1984-06-01,11,11
1188,one flew over the cuckoos nest,108981275.0,4400000.0,drama,1975-11-19,2,2
1189,one for the money,26414527.0,42000000.0,comedy,2012-01-27,6,6
1190,one hour photo,31597131.0,12000000.0,drama,2002-08-21,0,0
1192,one true thing,23209440.0,30000000.0,drama,1998-09-18,1,1
1194,open water,30500882.0,500000.0,thriller/suspense,2004-08-06,3,2 whiny assholes and one underwater camera eaten by a mako shark
1196,orange county,41059716.0,18000000.0,comedy,2002-01-11,1,1
1197,orphan,41596251.0,20000000.0,drama,2009-07-24,4,3 and a pigeon
1201,out of the furnace,11330849.0,22000000.0,drama,2013-12-04,8, 7 and a deer
1204,pain & gain,49875291.0,26000000.0,action,2013-04-26,2,2
1206,pandorum,10330853.0,40000000.0,horror,2009-09-25,2176,"2,174 and 2 grasshoppers"
1208,panic room,95308367.0,48000000.0,thriller/suspense,2002-03-29,2,2
1210,paranormal activity,107918810.0,450000.0,horror,2009-09-25,1,1
1211,paranormal activity 2,84752907.0,3000000.0,horror,2010-10-20,3,2 and 1 bird
1212,paranormal activity 3,104028807.0,5000000.0,horror,2011-10-21,2,2
1213,paranormal activity 4,53900335.0,5000000.0,horror,2012-10-19,2,2
1214,paranormal activity: the marked ones,32462372.0,5000000.0,horror,2014-01-03,7,7
1216,paranorman,56003051.0,60000000.0,comedy,2012-08-17,2,1 and a fly
1218,party monster,742898.0,5000000.0,comedy,2003-08-29,3,3
1220,paul,37412945.0,40000000.0,comedy,2011-03-18,4,"2, a bird and a dog"
1221,paycheck,53789313.0,60000000.0,thriller/suspense,2003-12-25,6,6
1225,people like us,12431792.0,16000000.0,drama,2012-06-29,0,0
1227,a perfect getaway,15515460.0,14000000.0,thriller/suspense,2009-08-07,8,7 and a goat
1231,pet sematary,52795778.0,11500000.0,horror,1989-04-21,11,"9, 1 cat and 1 mouse"
1237,phenomenon,104632573.0,32000000.0,drama,1996-07-05,1,1
1238,philadelphia,76512063.0,26000000.0,drama,1993-12-22,1,1
1239,phone booth,46566212.0,11000000.0,thriller/suspense,2003-04-04,4,4
1242,pieces of april,2498144.0,300000.0,comedy,2003-10-17,1,1 squirrel
1245,the pineapple express,87341380.0,26000000.0,comedy,2008-08-06,21,"19, a bug and a very large crop of marijuana"
1248,pirates of the caribbean: at worlds end,309420425.0,300000000.0,adventure,2007-05-24,88,88
1249,pirates of the caribbean: dead mans chest,423315812.0,225000000.0,adventure,2006-07-07,57,56 and a hermit crab
1250,pirates of the caribbean: on stranger tides,241063875.0,250000000.0,adventure,2011-05-20,63,"56 people, 2 mermaids, 3 poisonous toads and 2 zombie pirates"
1251,pirates of the caribbean: the curse of the black pearl,305411224.0,125000000.0,adventure,2003-07-09,17,17
1253,pitch black,39235088.0,23000000.0,horror,2000-02-18,63,40 and 23 aliens
1254,pitch perfect,65001093.0,17000000.0,comedy,2012-09-28,0,0
1255,planet of the apes,180011740.0,100000000.0,adventure,2001-07-27,21,20 and 1 ape
1257,platoon,132761962.0,6000000.0,drama,1986-12-19,570,569 and a pig
1260,point break,43218387.0,24000000.0,action,1991-07-12,9,9
1261,police academy,81198894.0,4500000.0,comedy,1984-03-23,0,0
1264,pootie tang,3293258.0,3500000.0,comedy,2001-06-29,0,0
1269,practical magic,46611204.0,60000000.0,comedy,1998-10-16,4,4
1270,predator,56072497.0,18000000.0,action,1987-06-12,72,"69, a scorpion, a boar and a predator"
1271,predator 2,28317513.0,35000000.0,action,1990-11-21,39,38 and a predator
1272,predators,52000688.0,40000000.0,action,2010-07-09,19,"7 people, 4 predators, 1 bug, 6 horny alien dogs and 1 alien thing"
1273,premonition,47852604.0,20000000.0,thriller/suspense,2007-03-16,3,2 people and 1 crow
1276,pride and glory,15740721.0,30000000.0,drama,2008-10-24,11,11
1278,primer,424760.0,7000.0,drama,2004-10-08,2,2
1281,prisoners,61002302.0,46000000.0,thriller/suspense,2013-09-20,4,4
1283,prom night,43869350.0,18000000.0,horror,2008-04-11,7,7
1284,prometheus,126477084.0,125000000.0,adventure,2012-06-08,18,15 plus 2 space jockeys and a giant alien squid baby (aka the original facehugger)
1287,ps i love you,53695808.0,30000000.0,romantic comedy,2007-12-21,1,1
1291,public enemies,97104620.0,102500000.0,drama,2009-07-01,22,22
1293,pulp fiction,107886108.0,8000000.0,drama,1994-10-14,7,"7, plus Sam Jackson racked up 27 motherfuckers and 1 motherfucker accessory"
1294,pulse,20264436.0,20500000.0,horror,2006-08-11,7,6 and a plane
1297,the punisher,33571379.0,33000000.0,action,2004-04-16,58,58
1298,punisher: war zone,8050977.0,35000000.0,action,2008-12-05,108,108
1300,push,31811527.0,38000000.0,thriller/suspense,2009-02-06,40,27 people and 13 fish
1304,quantum of solace,169368427.0,230000000.0,action,2008-11-14,24,23 and a fly and 1 bitch banged
1305,quarantine,31691811.0,12000000.0,horror,2008-10-10,10,"8 people, 1 dog and 1 rat"
1308,quest for camelot,22717758.0,40000000.0,adventure,1998-05-15,2,2
1310,rabbit hole,2229058.0,5000000.0,drama,2010-12-17,0,0
1312,raiders of the lost ark,248159971.0,20000000.0,adventure,1981-06-12,119,"55, a monkey and 63 ""impossible to count"" snakes"
1314,rambo iii,53715611.0,58000000.0,action,1988-05-25,63,62 and a chicken
1315,rambo iii,53715611.0,58000000.0,action,1988-05-25,132,130 and 2 horses
1320,red,90380162.0,60000000.0,action,2010-10-15,16,16
1321,red dawn,44806783.0,65000000.0,action,2012-11-21,107,106 and a deer
1322,red dragon,92955420.0,78000000.0,thriller/suspense,2002-10-04,4,4
1323,red riding hood,37662162.0,42000000.0,thriller/suspense,2011-03-11,16,"13 people, 1 werewolf, 1 wolf and 1 rabbit"
1324,red state,1065429.0,4000000.0,horror,2011-03-05,17,17
1326,redemption,36686.0,23000000.0,thriller/suspense,2013-06-28,10,10
1331,reindeer games,23360779.0,36000000.0,action,2000-02-25,10,10
1334,repo men,13794835.0,32000000.0,action,2010-03-19,29,29
1335,repo! the genetic opera,140244.0,8500000.0,musical,2008-11-07,14,14
1336,requiem for a dream,3635482.0,4500000.0,drama,2000-10-06,1,1
1338,resident evil,39532308.0,35000000.0,horror,2002-03-15,30,"21, 8 dogs and 1 licker"
1339,resident evil: extinction,50648679.0,45000000.0,action,2007-09-21,15576,"576, 3 dogs and an entire flock of demon birds"
1340,resident evil: apocalypse,50740078.0,50000000.0,horror,2004-09-10,50120,"111, plus 1 that we almost missed because we were too busy talking about sex, 4 dogs, 3 lickers and an entire city (including 1 nemesis boyfriend)"
1350,richard iii,2684904.0,9200000.0,drama,1995-12-29,29,29
1352,riddick,42025135.0,38000000.0,action,2013-09-06,63,"9 humans, 3 Necromongers (aka Monger Lords), 1 alien bird, 2 alien jackals, 4 alien eels, 42 mud demons and 2 mud demon babies"
1353,ripd,33618855.0,130000000.0,action,2013-07-19,8,8
1354,rise of the planet of the apes,176760185.0,93000000.0,adventure,2011-08-05,26,"8 people, 15 chimps, 1 gorilla, 1 orangutan and a bug"
1357,the road to perdition,104054514.0,80000000.0,drama,2002-07-12,23,23
1358,road trip,68525609.0,16000000.0,comedy,2000-05-19,1,1
1360,rob roy,31341940.0,28000000.0,drama,1995-04-07,26,"14, a dog, 7 cows, 2 chickens and 2 sheep"
1365,robocop 3,10696210.0,22000000.0,action,1993-11-05,53,50 and 3 RoboNinjas
1367,rocknrolla,5700626.0,18000000.0,action,2008-10-08,9,9
1374,ronin,41609593.0,55000000.0,action,1998-09-25,33,33
1378,rubber,100370.0,500000.0,black comedy,2011-04-01,42,"36 people, 1 crow, 1 scorpion, 1 rabbit, 1 turkey, 1 spider and Robert the tire"
1379,rules of engagement,61322858.0,60000000.0,thriller/suspense,2000-04-07,97,97 and 5 motherfuckers from Samuel L. Jackson
1380,run all night,26461644.0,50000000.0,action,2015-03-13,22,22
1384,running with scissors,6860000.0,12000000.0,comedy,2006-10-20,1,1 cat
1386,safe,17142080.0,33000000.0,action,2012-04-27,82,82
1387,safe house,126181630.0,85000000.0,thriller/suspense,2012-02-10,27,27
1389,salt,118311368.0,130000000.0,thriller/suspense,2010-07-23,30,30
1391,sanctum,23209310.0,30000000.0,adventure,2011-02-04,7,7
1395,saved!,8886160.0,5000000.0,comedy,2004-05-28,0,0
1396,saving silverman,19351569.0,22000000.0,comedy,2001-02-09,1,1
1397,saw,55968727.0,1200000.0,horror,2004-10-29,7,6 and a foot
1398,saw ii,87025093.0,5000000.0,horror,2005-10-28,9,9
1399,saw ii,87025093.0,5000000.0,horror,2005-10-28,9,9
1400,saw iv,63300095.0,10000000.0,horror,2007-10-26,9,9
1401,saw v,56746769.0,10800000.0,horror,2008-10-24,5,5
1402,saw vi,27693292.0,11000000.0,horror,2009-10-23,12,12
1406,scarface,44942821.0,25000000.0,drama,1983-12-09,42,42
1408,scary movie,157019771.0,19000000.0,comedy,2000-07-07,17,17
1409,scary movie 2,71277420.0,45000000.0,comedy,2001-07-04,5,5
1410,scary movie 3,110000082.0,45000000.0,comedy,2003-10-24,15,12 and 3 aliens
1411,scary movie 4,90710620.0,40000000.0,comedy,2006-04-14,21,21
1413,schindlers list,95494598.0,25000000.0,drama,1993-12-15,10033,"10,033"
1417,scott pilgrim vs the world,31524275.0,85000000.0,comedy,2010-08-13,26,26
1418,scream,103001286.0,15000000.0,horror,1996-12-20,7,7
1419,scream 2,101334374.0,24000000.0,horror,1997-12-12,10,10
1420,scream 3,89138076.0,40000000.0,horror,2000-02-04,10,10
1421,scream 4,38180928.0,40000000.0,horror,2011-04-15,12,12
1424,scrooged,59450353.0,32000000.0,comedy,1988-11-23,2,2
1426,season of the witch,24827228.0,40000000.0,thriller/suspense,2011-01-07,1171,"1,140 people, 12 wolves, 18 zombie monks and 1 demon"
1432,seed of chucky,17016190.0,29000000.0,horror,2004-11-12,12,10 and 2 dolls
1433,seeking a friend for the end of the world,7078738.0,10000000.0,comedy,2012-06-22,3,3
1435,serenity,25335935.0,39000000.0,action,2005-09-30,197,196 and a bug
1436,a serious man,9228788.0,7000000.0,comedy,2009-10-02,3,2 and a deer
1438,seven pounds,69951824.0,54000000.0,drama,2008-12-19,8,8
1439,seven psychopaths,15024049.0,13500000.0,comedy,2012-10-12,14,14
1446,shakespeare in love,100241322.0,26000000.0,romantic comedy,1998-12-11,1,1
1450,shaun of the dead,13464388.0,5000000.0,comedy,2004-09-24,35,34 and a pigeon
1453,sherlock holmes,209028679.0,90000000.0,adventure,2009-12-25,6,6
1454,sherlock holmes: a game of shadows,186848418.0,125000000.0,action,2011-12-16,36,36
1457,shooter,47003582.0,60000000.0,thriller/suspense,2007-03-23,56,55 people and a dog
1459,showgirls,20170437.0,40000000.0,drama,1995-09-22,0,0
1460,shrek,267655011.0,50000000.0,adventure,2001-05-18,87,"1 plus 1 bug, 4 fish, 1 slug, 1 bird, 3 weedrats, 1 spider and a spiderweb full of bugs"
1461,shrek 2,436471036.0,70000000.0,adventure,2004-05-19,3,"1 mermaid, 1 dove and 1 fairy godmother"
1462,shrek the third,321012359.0,160000000.0,adventure,2007-05-17,4,1 Frog King Dad-in-Law and 3 bugs
1467,shutter island,128012934.0,80000000.0,thriller/suspense,2010-02-19,1,1
1468,silent house,12739737.0,2000000.0,horror,2012-03-09,1,1
1470,silver linings playbook,132092958.0,21000000.0,drama,2012-11-16,0,0
1471,sin city,74103820.0,40000000.0,action,2005-04-01,59,59
1472,sin city: a dame to kill for,13757804.0,65000000.0,action,2014-08-22,66,66
1475,sinister,48086903.0,3000000.0,thriller/suspense,2012-10-12,4,3 and a scorpion
1478,skyfall,304360277.0,200000000.0,action,2012-11-08,50,50 and 2 bitches banged
1485,sleeper,18344729.0,2000000.0,comedy,1973-12-17,0,0
1486,sleepers,53300852.0,44000000.0,drama,1996-10-18,8,8
1490,slither,7802450.0,15250000.0,horror,2006-03-31,201,"97 people, 77 alien slugs, 11 dogs, 8 cats, 3 coyotes, 2 cows, a mare, a possum and a deer"
1491,slow burn,1237615.0,15500000.0,thriller/suspense,2007-04-13,8,7 and a fly
1493,slumdog millionaire,141319928.0,14000000.0,drama,2008-11-12,4,4
1494,smokin aces,35662731.0,17000000.0,comedy,2007-01-26,35,35
1495,snakes on a plane,34020814.0,33000000.0,thriller/suspense,2006-08-18,118,"62 people, 54 snakes, 1 cat and 1 dog. Also, Samuel L. Jackson said motherfucker/ing five times."
1496,snatch,30093107.0,10000000.0,black comedy,2000-12-08,21,21
1497,snitch,42930462.0,15000000.0,thriller/suspense,2013-02-22,16,16
1499,snow white and the huntsman,155136755.0,170000000.0,adventure,2012-06-01,66,"63, a dwarf, a horse and the Evil Queen"
1501,snowpiercer,4563029.0,40000000.0,thriller/suspense,2014-06-27,15136,136 people and a vat of bugs
1504,something borrowed,39046489.0,35000000.0,romantic comedy,2011-05-06,0,0
1505,son of the mask,17018422.0,100000000.0,comedy,2005-02-18,0,0
1507,soul surfer,43853424.0,18000000.0,drama,2011-04-08,1,1 shark
1508,source code,54712227.0,32000000.0,thriller/suspense,2011-04-01,0,0
1509,south park: bigger longer & uncut,52037603.0,21000000.0,comedy,1999-06-30,2,"2. That's right, I said TWO. The 312 people, 2 bears, robot king and demon that died in the war DON'T COUNT!"
1510,southland tales,275380.0,17000000.0,musical,2007-11-14,524,24 and a mega-zeppelin
1511,southpaw,52421953.0,30000000.0,drama,2015-07-24,2,2
1512,spaceballs,36725144.0,22700000.0,comedy,1987-06-24,19,19
1513,spawn,54967359.0,40000000.0,action,1997-07-31,62,"39, 20 maggots, 2 worms and 1 Violator"
1514,species,60000401.0,35000000.0,action,1995-07-07,19,"14 people , 2 rats, 1 alien life form and 2 alien-human hybrids"
1518,spider-man,403706375.0,139000000.0,adventure,2002-05-03,19,19
1519,spider-man 2,373524485.0,200000000.0,adventure,2004-06-30,5,4 and Doc Ock
1520,spider-man 3,336530303.0,258000000.0,adventure,2007-05-04,3,2 and the Venom Symbiote
1521,splice,17010170.0,30000000.0,horror,2010-06-04,8,"3 people, 1 Ginger, 1 Fred, 1 rabbit, 1 cat and 1 Dren"
1522,the spy who loved me,46800000.0,14000000.0,action,1977-07-13,111,"44, a fish, a shark and two submarines full of guys in orange jumpsuits. Oh, and two bitches banged"
1525,stake land,33245.0,4000000.0,horror,2011-04-22,43,"20 people, 20 vampires, a forest animal, a baby and a fetus"
1527,stand by me,52287414.0,8000000.0,drama,1986-08-08,0,0
1529,star trek ii: the wrath of khan,78633541.0,12000000.0,adventure,1982-06-04,27,25 and 2 earwigs
1530,star trek iii: the search for spock,71273785.0,18000000.0,adventure,1984-06-01,97,95 plus 1 space-snake alien life form and 1 Klingon spacedog
1531,star trek iv: the voyage home,107109310.0,24000000.0,adventure,1986-11-26,0,0
1532,star trek v: the final frontier,50531965.0,30000000.0,action,1989-06-09,4,3 and 1 god dude
1533,star trek vi: the undiscovered country,74888996.0,27000000.0,action,1991-12-06,500015,"500,011 Klingons, 3 humans and 1 Chameloid"
1534,star trek: generations,75510568.0,38000000.0,adventure,1994-11-18,394,384 plus 2 Romulans and 8 Klingons
1535,star trek: the motion picture,82258456.0,35000000.0,adventure,1979-12-07,2412,"2,412"
1540,star wars ep v: the empire strikes back,290158751.0,23000000.0,adventure,1980-05-21,136,"38, 2 tauntauns, 1 probe droid, 2 AT-AT Imperial Walkers, 4 TIE fighters and one mynock"
1542,stardust,38373235.0,70000000.0,adventure,2007-08-10,17,"8 plus 4 witches, 1 star, 1 ferret, 1 small alligator, 1 goat and 1 unicorn"
1544,starsky & hutch,88200225.0,60000000.0,comedy,2004-03-05,3,"1, an iguana tail and a pony"
1547,state of play,37017955.0,60000000.0,thriller/suspense,2009-04-17,5,5
1550,stay alive,23086480.0,20000000.0,horror,2006-03-24,10,9 and a vampire
1551,stoker,1703125.0,12000000.0,drama,2013-03-01,6,5 and a bird
1552,stone,1810078.0,22000000.0,drama,2010-10-08,3,2 and a fly
1558,strangers on a train,7000000.0,1200000.0,thriller/suspense,1951-07-03,3,3
1559,street kings,26415649.0,20000000.0,thriller/suspense,2008-04-11,12,12
1562,striptease,32758418.0,50000000.0,comedy,1996-06-28,2,2
1563,sucker punch,36392502.0,75000000.0,action,2011-03-25,1,1
1567,sunshine cleaning,12062558.0,5000000.0,comedy,2009-03-13,2,2
1568,super,324138.0,2500000.0,black comedy,2011-04-01,19,19
1569,super 8,127004179.0,50000000.0,thriller/suspense,2011-06-09,9,9
1572,superman,134218018.0,55000000.0,adventure,1978-12-15,2000000004,4 and the planet Krypton
1573,superman ii,101347629.0,54000000.0,adventure,1981-06-19,10,9 and a snake
1574,superman ii,101347629.0,54000000.0,adventure,1981-06-19,1,1 self aware supercomputer
1575,superman iv: the quest for peace,11227824.0,17000000.0,action,1987-07-24,1,Nuclear Man
1576,superman returns,200120000.0,232000000.0,adventure,2006-06-28,2000000005,"5 people, 1 dog and Krypton"
1577,superstar,30628981.0,14000000.0,comedy,1999-10-08,2,2
1579,surrogates,38577772.0,80000000.0,action,2009-09-25,13,13
1583,swat,116877597.0,70000000.0,action,2003-08-08,20,20 and 0 motherfuckers
1585,sweet home alabama,127214072.0,38000000.0,comedy,2002-09-27,1,1 mosquito
1587,swimming pool,10105505.0,7800000.0,thriller/suspense,2003-07-04,1,1
1588,swordfish,69772969.0,80000000.0,action,2001-06-08,37,36 and a yacht
1590,syriana,50824620.0,50000000.0,thriller/suspense,2005-11-23,10,10
1593,taken,145000989.0,25000000.0,thriller/suspense,2009-01-30,20,20
1594,taken 2,139854287.0,45000000.0,thriller/suspense,2012-10-05,26,26
1595,taken 3,89256424.0,48000000.0,action,2015-01-09,18,18
1596,tales from the crypt: demon knight,20943520.0,12000000.0,horror,1995-01-13,22,12 and 10 demons
1597,tammy,84525432.0,20000000.0,comedy,2014-07-02,0,0
1598,tangled,200821936.0,260000000.0,adventure,2010-11-24,1,1
1599,tank girl,3817132.0,25000000.0,action,1995-03-01,95,"93 people, 1 Ripper and a yak"
1600,tarzan,171091819.0,145000000.0,adventure,1999-06-16,12,"3 people, 1 gorilla, 1 gorilla baby, 1 leopard and 6 bugs"
1602,taxi driver,28262574.0,1000000.0,drama,1976-02-08,4,4
1603,team america: world police,32774834.0,20000000.0,comedy,2004-10-15,2066,"2,066 plus 1 motherfucker from Samuel L. Jackson's puppet."
1605,teeth,347578.0,2000000.0,comedy,2008-01-18,2,2
1609,terminator 2: judgment day,201858746.0,100000000.0,action,1991-07-02,13,"10, 1 flying machine and 2 terminators"
1610,terminator 3: rise of the machines,150358296.0,170000000.0,action,2003-07-01,3000000022,"3,000,000,017, one TX, two T-1's, one T-101, and one flying thing"
1611,terminator salvation,125322469.0,200000000.0,action,2009-05-21,500070,"53, 5 terminators, 2 motorcycle killing machines, 2 hunter killers, 8 face-eating water snake machines (a.k.a. machine face snake eaters) and Skynet Central"
1612,texas chainsaw 3d,34341945.0,20000000.0,horror,2013-01-04,14,14
1613,thank you for smoking,24793509.0,7500000.0,black comedy,2006-03-17,1,1
1616,the a-team,77222099.0,110000000.0,action,2010-06-11,25,25
1618,the american,35606376.0,20000000.0,thriller/suspense,2010-09-01,9,9
1620,the andromeda strain,12376563.0,6500000.0,thriller/suspense,1971-01-01,13,"3 people, 6 birds, 3 rats and a monkey"
1623,the aviator,102608827.0,110000000.0,drama,2004-12-17,3,3
1630,the beach,39778599.0,50000000.0,drama,2000-02-11,8,8
1631,the beaver,970816.0,21000000.0,comedy,2011-05-06,0,0
1632,the best exotic marigold hotel,46383639.0,10000000.0,comedy,2012-05-04,1,1
1633,the best exotic marigold hotel,46383639.0,10000000.0,comedy,2012-05-04,1,1
1636,the big lebowski,17439163.0,15000000.0,comedy,1998-03-06,1,1
1637,the big wedding,21819348.0,32500000.0,romantic comedy,2013-04-26,0,0
1641,the blind side,255959475.0,35000000.0,drama,2009-11-20,1,1
1645,the book of eli,94835059.0,80000000.0,action,2010-01-15,53,51 plus a cat and a bird
1646,the boondock saints,30471.0,7000000.0,action,2000-01-21,36,35 and a cat
1647,the boondock saints 2: all saints day,10273187.0,8000000.0,action,2009-10-30,56,56
1648,the box,15051977.0,25000000.0,thriller/suspense,2009-11-06,8,8
1650,the break-up,118703275.0,52000000.0,romantic comedy,2006-06-02,1,1 relationship
1657,the butterfly effect,57924679.0,13000000.0,thriller/suspense,2004-01-23,1,1 unborn child. Unless you watch the theatrical version and then it's ZERO.
1658,the cable guy,60154431.0,47000000.0,comedy,1996-06-14,0,0
1659,the call,51872378.0,12800000.0,thriller/suspense,2013-03-15,2,2
1661,the cave,14888028.0,30000000.0,horror,2005-08-26,9,6 and 3 cave creatures
1666,the chronicles of riddick,57712751.0,120000000.0,adventure,2004-06-11,2000177,"80 humans, 96 Necromongers (aka Monger Lords), 1 quasi dead and a planet"
1667,the chumscrubber,49526.0,6800000.0,drama,2005-08-05,1,1
1670,the cold light of day,3763583.0,20000000.0,thriller/suspense,2012-09-07,19,19
1673,the conjuring,137400141.0,20000000.0,horror,2013-07-19,7,1 dog and 6 birds
1674,the conspirator,11538204.0,25000000.0,drama,2011-04-15,6,6
1676,the counselor,16973715.0,25000000.0,thriller/suspense,2013-10-25,8,8
1677,the craft,24703049.0,15000000.0,thriller/suspense,1996-05-03,10,3 and 7 sharks
1679,the croods,187168425.0,135000000.0,adventure,2012-10-01,23,"17, a ram bird egg, a land whale, a mammoth, a scorpion, a bird crocodile and a giant flying bug"
1682,the da vinci code,217536138.0,125000000.0,thriller/suspense,2006-05-19,18047,"18,047"
1685,the dark knight rises,448139099.0,275000000.0,action,2012-07-20,112,111 plus Bane
1686,the dead girl,19875.0,3300000.0,thriller/suspense,2006-12-29,1,1
1688,the deer hunter,50000000.0,15000000.0,drama,1979-01-01,36,34 and 2 deer
1690,the departed,132384315.0,90000000.0,drama,2006-10-06,20,19 and a fly
1691,the descent,26024456.0,7000000.0,thriller/suspense,2006-08-04,17,"7, plus 10 mutant-things"
1693,the devil inside,53261944.0,1000000.0,horror,2012-01-06,1,1
1695,the devils rejects,17044981.0,7000000.0,horror,2005-07-22,20,20
1699,the emperors new groove,89296573.0,100000000.0,adventure,2000-12-15,2,2 bugs
1700,the equalizer,101530738.0,55000000.0,action,2014-09-26,22,22
1701,the exorcist,204868002.0,12000000.0,horror,1973-12-26,4,4
1702,the expendables,103068524.0,82000000.0,action,2010-08-13,165,165
1703,the expendables 2,85028192.0,100000000.0,action,2012-08-17,417,417 (203 before the title)
1705,the faculty,40064955.0,15000000.0,horror,1998-12-25,5,"3 people, 1 rat and 1 parasite spitting alien queen"
1707,the family stone,60062868.0,18000000.0,comedy,2005-12-16,1,1
1710,the fast and the furious: tokyo drift,62514415.0,85000000.0,action,2006-06-16,1,1
1711,the fifth element,63540020.0,95000000.0,action,1997-05-09,320,"22 humans, plus an entire space battleship, 26 mangolores, 3 mondoshawans, 17 parasites, one cockroach and one diva"
1713,the five-year engagement,28700285.0,30000000.0,romantic comedy,2012-04-27,4,4
1715,the fourth kind,26218170.0,10000000.0,thriller/suspense,2009-11-06,4,4
1716,the french connection,41158757.0,2200000.0,drama,1971-10-09,13,13
1718,the fugitive,172494360.0,44000000.0,thriller/suspense,1993-08-06,7,7
1719,the game,48265581.0,50000000.0,thriller/suspense,1997-09-12,1,1
1721,the ghost writer,15541549.0,45000000.0,thriller/suspense,2010-02-19,3,3
1724,the girl with the dragon tattoo,102515793.0,90000000.0,thriller/suspense,2011-12-20,4,3 and a cat
1725,the glass house,17951431.0,22000000.0,thriller/suspense,2001-09-14,7,7
1726,the godfather,134821952.0,7000000.0,drama,1972-03-15,19,18 and a horse
1727,the golden compass,70107728.0,205000000.0,adventure,2007-12-01,55,54 and an ice bear
1728,the good girl,14018296.0,8000000.0,comedy,2002-08-07,2,2
1730,the goods: live hard sell hard,15122676.0,10000000.0,comedy,2009-08-14,1,1
1731,the grand budapest hotel,59076019.0,31000000.0,comedy,2014-03-07,12,11 and a cat
1735,the green mile,136801374.0,60000000.0,drama,1999-12-10,7,7
1736,the grudge,110175871.0,10000000.0,horror,2004-10-22,11,10 and a cat
1737,the guilt trip,37134215.0,40000000.0,comedy,2012-12-19,0,0
1738,the hangover part ii,254464305.0,80000000.0,comedy,2011-05-26,9,"4 people, 2 chickens, 2 dogs and a giraffe"
1739,the happening,64506874.0,60000000.0,thriller/suspense,2008-06-13,47,47
1740,the hateful eight,53688739.0,62000000.0,western,2015-12-25,14,14 people and 2 motherfuckers
1742,the heat,159581587.0,43000000.0,comedy,2013-06-28,5,5
1743,the help,169705587.0,25000000.0,drama,2011-08-10,3,"1 person, 1 fetus and a chicken"
1749,the hitchhikers guide to the galaxy,51019112.0,45000000.0,comedy,2005-04-29,6486329384,"Planet Earth, minus 2 people, minus 2 aliens, and minus all of the dolphins. Plus 2 crabs, 1 sperm whale, 1 bowl of petunias and an entire battle fleet of strange and warlike beings resplendent in black jeweled battle shorts. Plus two mice."
1750,the hobbit: an unexpected journey,303003568.0,250000000.0,adventure,2012-12-14,308,"13 men, 55 dwarves, 33 orcs, 3 trolls, a stone-giant, 185 goblins, the Goblin King, 16 wargs and a snail"
1752,the holiday,63224849.0,85000000.0,romantic comedy,2006-12-08,0,0
1755,the horse whisperer,75370763.0,60000000.0,drama,1998-05-15,1,1
1758,the house of the devil,101215.0,1000000.0,horror,2009-10-30,3,3
1759,the hudsucker proxy,2816518.0,40000000.0,comedy,1994-03-11,2,2
1761,the hunger games,408010692.0,80000000.0,thriller/suspense,2012-03-23,26,"22, a bird, a lizard, 2 squirrels and a placemat"
1762,the hurt locker,17017811.0,15000000.0,drama,2009-06-26,19,18 and a fly
1763,the ice pirates,13075390.0,9000000.0,comedy,1984-03-16,20,"10 humans, 1 frog lady and 9 robots"
1764,the imaginarium of doctor parnassus,7689607.0,30000000.0,adventure,2009-12-25,9,"6, 2 flies and a chicken"
1766,the incredibles,261441092.0,92000000.0,adventure,2004-11-05,24,"17, 5 bugs and 2 Omnidroid robots"
1767,the international,25450527.0,50000000.0,thriller/suspense,2009-02-13,16,16
1768,the internship,44672764.0,58000000.0,comedy,2013-06-07,0,0
1769,the interview,6105175.0,44000000.0,comedy,2014-02-06,30,29 and a tiger
1770,the invasion,15074191.0,80000000.0,thriller/suspense,2007-08-17,305,303 and 2 dogs
1771,the invention of lying,18451251.0,18500000.0,comedy,2009-10-02,1,1
1772,the island,15716828.0,22000000.0,adventure,1980-06-13,64,"22, plus 2 police officers and 40 ""defective"" (read: free-thinking) clones"
1773,the jackal,54910560.0,60000000.0,thriller/suspense,1997-11-14,18,18
1774,the judge,47119388.0,50000000.0,drama,2014-10-10,2,2
1776,the killer inside me,217277.0,13000000.0,drama,2010-06-18,11,11
1781,the lake house,52330111.0,40000000.0,drama,2006-06-16,1,1
1783,the last airbender,131601062.0,150000000.0,adventure,2010-07-01,2,2
1784,the last exorcism,41034350.0,1800000.0,horror,2010-08-27,4,3 and a kitty
1785,the last godfather,164247.0,13400000.0,comedy,2011-04-01,4,4
1787,the last house on the left,32752215.0,15000000.0,horror,2009-03-13,6,6
1788,the last house on the left,32752215.0,15000000.0,horror,2009-03-13,6,6
1791,the last samurai,111110575.0,140000000.0,action,2003-12-05,1592,"1,562 people and 30 horses"
1793,the lazarus effect,25801570.0,5000000.0,horror,2015-02-27,3,2 and a dog
1794,the league of extraordinary gentlemen,66465204.0,78000000.0,adventure,2003-07-11,82,82
1797,the lego movie,257784718.0,60000000.0,adventure,2014-02-07,451,"444, 1 cow, 5 horses and 1 unicorn/pegasus"
1798,the life aquatic with steve zissou,24006726.0,50000000.0,comedy,2004-12-10,13,"11, 1 research turtle and 1 rhinestone bluefin"
1800,the lincoln lawyer,58009200.0,40000000.0,thriller/suspense,2011-03-18,2,1 and a dog
1803,the living daylights,50096813.0,40000000.0,action,1987-07-31,22,22 and 2 bitches banged
1805,the longest yard,158119460.0,82000000.0,comedy,2005-05-27,2,1 and a Bentley
1808,the losers,23591432.0,25000000.0,action,2010-04-23,61,"40 and a teddy bear before the opening title, then 20 more"
1809,the lost boys,30331685.0,8500000.0,horror,1987-07-31,14,9 humans and 5 vampires
1810,the lovely bones,44028238.0,95000000.0,drama,2009-12-11,2,2
1811,the machinist,1082044.0,5000000.0,thriller/suspense,2004-10-22,1,1
1818,the man with the golden gun,21000000.0,7000000.0,action,1974-12-20,7,7 and 2 bitches banged
1822,the mask,119874149.0,18000000.0,comedy,1994-07-29,7,7
1823,the matrix,171383253.0,65000000.0,action,1999-03-31,43,"42, a tracer bug, and Neo's doubt"
1824,the mechanic,29121498.0,42500000.0,action,2011-01-28,29,29
1825,the mechanic,29121498.0,42500000.0,action,2011-01-28,17,17
1826,the men who stare at goats,32428195.0,24000000.0,black comedy,2009-11-06,3,2 and a goat
1827,the messengers,35374833.0,16000000.0,horror,2007-02-02,6,4 and 2 crows
1828,midnight meat train,73548.0,15000000.0,thriller/suspense,2008-08-01,17,17
1829,the missing,26900336.0,65000000.0,western,2003-11-26,28,"25 people, a deer and 2 horses"
1831,the monuments men,78031620.0,70000000.0,drama,2014-02-07,5,5
1833,the muppet movie,76657000.0,8000000.0,comedy,1979-06-22,1,1 fly
1836,the newton boys,10297897.0,27000000.0,drama,1998-03-27,0,0
1840,the notebook,81001787.0,30000000.0,drama,2004-06-25,6,6
1841,the number 23,35193167.0,32000000.0,thriller/suspense,2007-02-23,3,3
1843,the odd life of timothy green,51853450.0,40000000.0,drama,2012-08-15,1,1
1845,the order,7659747.0,35000000.0,thriller/suspense,2003-09-05,8,8
1846,the other guys,119219978.0,100000000.0,comedy,2010-08-06,6,6
1847,the other woman,83911193.0,40000000.0,comedy,2014-04-25,0,0
1848,the others,96522687.0,17000000.0,horror,2001-08-10,0,0
1849,the outsiders,25584680.0,10000000.0,drama,1983-03-25,3,3
1850,the passion of the christ,370782930.0,25000000.0,drama,2004-02-25,4,3 and a snake
1853,the perfect host,48764.0,1000000.0,thriller/suspense,2011-07-01,0,0
1854,the perks of being a wallflower,17742948.0,13000000.0,drama,2012-09-21,1,1
1856,the place beyond the pines,21403519.0,15000000.0,drama,2013-03-29,1,1
1858,the prestige,53089891.0,40000000.0,thriller/suspense,2006-10-20,108,105 and 3 birds
1859,the princess bride,30857000.0,15000000.0,adventure,1987-09-25,0,0
1865,the puffy chair,194523.0,15000.0,comedy,2006-06-02,1,1 puffy chair
1867,the purge,64473115.0,3000000.0,thriller/suspense,2013-06-07,19,19
1868,the purge: anarchy,71562550.0,9000000.0,thriller/suspense,2014-07-18,52,52
1869,the pursuit of happyness,162586036.0,55000000.0,drama,2006-12-15,0,0
1870,the quiet,381420.0,900000.0,drama,2006-08-25,1,1
1871,the raven,16008272.0,26000000.0,thriller/suspense,2012-04-27,9,8 and a raven
1875,the return,501752.0,15000000.0,drama,2004-02-06,2,2
1878,the rite,33047633.0,37000000.0,horror,2011-01-28,4,4
1879,the road,8114270.0,25000000.0,drama,2009-11-25,6,6
1881,the rocky horror picture show,140241017.0,1200000.0,musical,1975-09-26,4,4
1882,the roommate,37300107.0,16000000.0,thriller/suspense,2011-02-04,3,2 and a kitten
1883,the running man,37743350.0,30000000.0,action,1987-11-13,96,"18 before the opening titles ended, 60 innocent men, women & children, 4 stalkers and then 14 more people"
1886,the santa clause,144700007.0,22000000.0,comedy,1994-11-11,1,1 Santa
1889,the secret life of bees,37770162.0,11000000.0,drama,2008-10-17,3,2 and a cockroach
1890,the secret life of walter mitty,58236838.0,91000000.0,comedy,2013-12-25,0,0
1893,the shining,44017374.0,19000000.0,horror,1980-05-23,5,5
1894,the signal,251150.0,50000.0,horror,2008-02-22,53,53
1895,the simpsons movie,183135014.0,72500000.0,comedy,2007-07-27,106,"2, plus all 3 members of Green Day, 77 fish and 24 swallows"
1896,the sisterhood of night,6870.0,1000000.0,drama,2015-04-10,1,1
1897,the sisterhood of the traveling pants,39008741.0,25000000.0,drama,2005-06-01,1,1
1898,the sixth sense,293506292.0,40000000.0,thriller/suspense,1999-08-06,4,4
1899,the skeleton key,47806295.0,40000000.0,horror,2005-08-12,3,3
1902,spongebob squarepants: the movie,85416609.0,30000000.0,adventure,2004-11-19,2,2 fish
1903,the square,406216.0,1900000.0,thriller/suspense,2010-04-09,6,5 and a doggie
1907,the strangers,52597610.0,9000000.0,thriller/suspense,2008-05-30,2,2
1909,the switch,27758465.0,19000000.0,romantic comedy,2010-08-20,10,A headful of lice
1914,the talented mr ripley,81292135.0,40000000.0,drama,1999-12-24,5,4 and an unborn child
1916,the texas chainsaw massacre,80390022.0,9000000.0,horror,2003-10-17,5,5
1917,the texas chainsaw massacre,26572439.0,140000.0,horror,1974-10-18,8,8
1918,the texas chainsaw massacre 2,8025872.0,4700000.0,horror,1986-08-22,8,8
1919,the texas chainsaw massacre: the beginning,39517763.0,16000000.0,horror,2006-10-06,11,10 and a cow
1921,the thirteenth floor,11810854.0,16000000.0,thriller/suspense,1999-05-28,6,6 simulations
1922,the time travelers wife,63414846.0,39000000.0,drama,2009-08-14,4,2 and 2 fetuses
1926,the tourist,67631157.0,100000000.0,thriller/suspense,2010-12-10,5,5
1928,the town,92186262.0,37000000.0,drama,2010-09-17,6,6
1934,the truman show,125466701.0,60000000.0,drama,1998-06-05,0,0
1939,the usual suspects,23272306.0,6000000.0,drama,1995-08-16,42,41 and a dog
1943,the virgin suicides,4859475.0,6000000.0,black comedy,2000-04-21,5,5
1944,the vow,125014030.0,30000000.0,drama,2012-02-10,0,0
1946,the watch,34353000.0,55000000.0,comedy,2012-07-27,117,"4 people, a cow, and 112 aliens"
1947,the watcher,28946615.0,33000000.0,thriller/suspense,2000-09-08,12,12
1948,the way of the gun,6047856.0,9000000.0,action,2000-09-08,16,16
1949,the wild,37384046.0,80000000.0,adventure,2006-04-14,1,1 wildebeest
1950,the wild bunch,509424.0,6000000.0,western,1969-06-18,1145,"138, 2 horses, 5 scorpions and 1,000 ants"
1954,the wizard of oz,33711566.0,2777000.0,musical,1939-08-25,2,2
1955,the wolfman,61979680.0,150000000.0,horror,2010-02-12,4,2 and 2 wolfmen
1956,the wolf of wall street,116900694.0,100000000.0,black comedy,2013-12-25,7,"5 people, a fish and a seagull"
1958,the wolverine,132556852.0,115000000.0,action,2013-07-26,39048,"39,046 plus a bear and a mutant"
1960,the woman in black,54333290.0,15000000.0,thriller/suspense,2012-02-03,8,8
1961,the world is not enough,126930660.0,135000000.0,action,1999-11-19,62,62 and 3 bitches banged
1962,the yards,882710.0,20000000.0,drama,2000-10-20,2,2
1966,there will be blood,40222514.0,25000000.0,drama,2007-12-26,12,5 and 7 quail
1968,things to do in denver when youre dead,529766.0,15000000.0,black comedy,1995-12-01,15,15
1969,thinner,15171475.0,14000000.0,horror,1996-10-25,6,6
1970,this is the end,101470202.0,32000000.0,comedy,2013-06-12,37,36 and a demon
1971,this is where i leave you,34296320.0,20000000.0,comedy,2014-09-19,0,0
1972,this means war,54760791.0,65000000.0,romantic comedy,2012-02-17,22,22
1973,thor,181030624.0,150000000.0,action,2011-05-06,148,"146, 1 Giant Ice Monster and 1 Destroyer"
1974,three kings,60652036.0,48000000.0,action,1999-10-01,22,21 and a cow
1976,thunderball,63600000.0,9000000.0,action,1965-12-29,45,"44, a shark, and 3 bitches got banged"
1980,time bandits,37400000.0,12000000.0,adventure,1981-11-06,1552,"37, plus 1 minotaur, 1 rat, 1 Evil Genius and everyone that died on the Titanic"
1982,tiny furniture,391674.0,50000.0,comedy,2010-11-12,1,1 hamster
1983,titanic,658672302.0,200000000.0,thriller/suspense,1997-12-19,1534,"1,522 and 12 dogs"
1987,tombstone,56505065.0,25000000.0,western,1993-12-25,31,31
1989,tomorrow never dies,125279326.0,110000000.0,action,1997-12-19,819,819 and 2 bitches banged
1990,tomorrowland,93436322.0,170000000.0,adventure,2015-05-22,22,"5 people, 16 AA units and 1 bird"
1995,total recall,108580729.0,65000000.0,action,1990-06-01,68,"49, plus 16 fish, 1 rat, 1 Jonny Cab and 1 three-breasted mutant hooker"
2000,traffic,124107476.0,48000000.0,drama,2000-12-27,7,7
2003,trainspotting,16501000.0,3100000.0,drama,1996-07-19,2,1 and a baby
2004,traitor,23530831.0,22000000.0,thriller/suspense,2008-08-27,63,63
2005,trance,2322593.0,16000000.0,thriller/suspense,2013-04-05,5,5
2006,transcendence,23022309.0,100000000.0,thriller/suspense,2014-04-18,17,17
2007,transformers,319071806.0,151000000.0,action,2007-07-02,2024,"2,019 humans, 1 Autobot, 3 Decepticons and 1 baby Decepticon"
2008,transformers: dark of the moon,352390543.0,195000000.0,action,2011-06-29,129069,"129,017 people, 34 Decepticons, 7 Autobots, 10 more robots and a bird"
2009,transformers: revenge of the fallen,402111870.0,210000000.0,action,2009-06-24,7071,"7,049 people, 14 Decepticons, 5 baby Decepticons, 1 Decepticon hatchling, 1 Autobot that used to be a Decepticon, and 1 goat"
2011,trapped,6916869.0,30000000.0,thriller/suspense,2002-09-20,1,1
2015,trees lounge,749741.0,1300000.0,drama,1996-10-11,1,1 and 0 motherfuckers
2016,tremors,16667084.0,10000000.0,action,1990-01-19,34,"9 people, 20 sheep, 1 horse, 4 graboids"
2027,tron,26918576.0,17000000.0,action,1982-07-09,29,"19 programs, 7 recognizers, 2 tanks and 1 master control program"
2028,tropic thunder,110461307.0,90000000.0,comedy,2008-08-13,4,"1, a bat, a panda and a Tivo"
2029,true grit,171050328.0,35000000.0,western,2010-12-22,14,11 and 3 horses
2030,true lies,146273950.0,100000000.0,action,1994-07-15,87,87
2031,true romance,12281000.0,12500000.0,thriller/suspense,1993-09-10,20,20
2033,tucker & dale vs evil,223838.0,5000000.0,black comedy,2011-09-30,14,14
2035,turistas,7027762.0,10000000.0,thriller/suspense,2006-12-01,10,10
2038,twelve monkeys,57097229.0,29000000.0,drama,1995-12-27,8,7 and a spider
2039,twilight,15030732.0,20000000.0,drama,1998-03-06,5,"2, a vampire and 2 deer"
2040,two brothers,18947630.0,72000000.0,drama,2004-06-25,2,2 tigers
2043,ultraviolet,18522064.0,30000000.0,action,2006-03-03,311,310 and an unborn child
2044,the unborn,42670410.0,16000000.0,horror,2009-01-09,7,7
2047,under the tuscan sun,43601508.0,18000000.0,comedy,2003-09-26,1,1 scorpion and a washing machine
2048,undercover brother,38230435.0,25000000.0,comedy,2002-05-31,8,8
2049,underworld,51970690.0,22000000.0,action,2003-09-19,45,"15 vampires, 29 lycan and one half lycan, half vampire fetus"
2050,unknown,63686397.0,40000000.0,thriller/suspense,2011-02-18,10,9 people and 2 taxis
2053,up,293004164.0,175000000.0,adventure,2009-05-29,2,2
2055,up in the air,83823381.0,30000000.0,drama,2009-12-04,1,1
2056,v for vendetta,70511035.0,50000000.0,action,2006-03-17,64,64
2058,valkyrie,83077762.0,90000000.0,thriller/suspense,2008-12-25,2015,2014 and a mosquito
2059,vampires suck,36661504.0,20000000.0,comedy,2010-08-18,8,7 and a cat
2060,vanilla sky,100614858.0,70000000.0,thriller/suspense,2001-12-14,1,1
2061,vanity fair,16123851.0,23000000.0,drama,2004-09-01,13302,2 and the Battle of Waterloo
2062,venom,881745.0,25000000.0,horror,2005-09-16,11,11
2063,veronica mars,3322127.0,6000000.0,drama,2014-03-14,2,2
2065,very bad things,9801782.0,10000000.0,black comedy,1998-11-25,6,6
2066,a view to a kill,49667091.0,30000000.0,action,1985-05-24,29,29 and 4 bitches banged
2071,wag the dog,43022524.0,15000000.0,drama,1997-12-25,4,4
2075,wanted,134327125.0,75000000.0,action,2008-06-27,662,"158 people, 501 rats and 3 flies"
2076,war inc,578527.0,10000000.0,black comedy,2008-05-23,50,49 and a scorpion
2078,watchmen,107509799.0,138000000.0,action,2009-03-06,15000044,"15,000,040, a fetus, 2 dogs and Bubastyx (the genetically engineered tiger-lynx hybrid)"
2079,water for elephants,58709717.0,38000000.0,drama,2011-04-22,6,5 and a horse
2080,we are marshall,43545364.0,65000000.0,drama,2006-12-22,75,75
2082,we need to talk about kevin,1738692.0,7000000.0,drama,2011-12-09,5,4 and a guinea pig
2083,we were soldiers,78120196.0,70000000.0,drama,2002-03-01,1753,"1,753"
2084,the weather man,12482775.0,20000000.0,drama,2005-10-28,1,1
2087,were the millers,150394119.0,37000000.0,comedy,2013-08-07,1,1 shark
2088,wes cravens new nightmare,17976855.0,8000000.0,horror,1994-10-14,5,4 and Freddy again
2091,what dreams may come,55350897.0,80000000.0,drama,1998-10-02,4,4
2093,what planet are you from?,6291602.0,50000000.0,comedy,2000-03-03,2,2
2094,what to expect when youre expecting,41152203.0,37500000.0,romantic comedy,2012-05-18,1,1 fetus
2096,whats eating gilbert grape,9170214.0,11000000.0,drama,1993-12-25,3,2 and a grasshopper
2097,where the wild things are,77233467.0,100000000.0,adventure,2009-10-16,0,0
2099,whiplash,13092006.0,3300000.0,drama,2014-10-10,1,1
2101,white chicks,69148997.0,20000000.0,comedy,2004-06-23,0,0
2105,whiteout,10275638.0,35000000.0,thriller/suspense,2009-09-11,10,10
2106,who framed roger rabbit?,151931137.0,70000000.0,comedy,1988-06-22,9,2 people and 7 toons
2110,wild,37880356.0,15000000.0,drama,2014-12-03,2,1 mom and 1 horse
2114,wild things,29753944.0,20000000.0,thriller/suspense,1998-03-20,3,3
2116,winters bone,6531503.0,2000000.0,drama,2010-06-11,4,4 squirrels
2117,winters tale,12600231.0,60000000.0,drama,2014-02-14,19,19
2126,wonderland,1060512.0,5500000.0,drama,2003-10-03,4,4
2127,wont back down,5310554.0,19000000.0,drama,2012-09-28,0,0
2129,worlds greatest dad,221805.0,10000000.0,black comedy,2009-08-21,1,1
2131,wreck-it ralph,189412677.0,165000000.0,adventure,2012-11-02,10011,"2 and 10,009 Cy-Bugs"
2133,wristcutters: a love story,446165.0,1000000.0,comedy,2007-10-19,9,9
2134,wrong turn,15417771.0,10000000.0,horror,2003-05-30,8,8
2137,x-men,157299717.0,75000000.0,action,2000-07-14,6,5 and a bird
2138,x-men origins: wolverine,179883157.0,150000000.0,action,2009-05-01,48,47 and a bear
2139,x-men: first class,146408305.0,160000000.0,action,2011-06-03,64,62 people and 2 mutants
2140,x2,214949694.0,125000000.0,action,2003-05-02,33,31 and 2 mutants
2143,you only live twice,43100000.0,9500000.0,action,1967-06-13,77,77 and 3 bitches banged
2145,young frankenstein,86300000.0,2800000.0,comedy,1974-12-15,0,0
2147,your highness,21596445.0,50000000.0,comedy,2011-04-08,26,"22 people, a pixie, a minotaur, mother witch and Leezar"
2148,youth in revolt,15285588.0,18000000.0,comedy,2010-01-08,1,1
2149,zodiac,33080084.0,85000000.0,thriller/suspense,2007-03-02,3,3
2154,zombieland,75590286.0,23600000.0,comedy,2009-10-02,149,148 plus Bill Murray
2156,zoolander,45172250.0,28000000.0,comedy,2001-09-28,3,"3 really, really ridiculously good-looking models "
